"LeadId","LeadDate","LeadCheckin","LeadCheckout","BookingId","BookingDate","BookingCheckinDate","BookingCheckoutDate","Revenue","Commission","LanguageCode","DeviceCategory","ClientCountryCode","BrandID","Label","HotelID","HotelCountry","HotelCity","HotelName","PaymentMonth","TransactionType","TransactionTypeCode","TransactionStatus","TransactionStatusCode","Vertical","Eid","Pid","Cid","Lid","IntegrationCode","Bookings"
"_ajG$S5v8YA9RSs89A9dww","01/04/2025 00:00:00","01/05/2025 00:00:00","01/06/2025 00:00:00","","","","","3.569777","2.498844","EN","Desktop","US","561434","sem/GwECAA==k-rbo_g-MjUyMTIxMDQ1LjE3MzYwNTIwNjc=_t-gp.........Hybrid-pu.............................................................","9360416","United States","Palm Springs","Newly Remodeled Sunrise Gem","01/01/2025 00:00:00","Click","1","Active","1","Hotel","False","deeplinks","k-rbo_g-MjUyMTIxMDQ1LjE3MzYwNTIwNjc=_t-gp","Hybrid-pu","kan_235046_561434",""
"_pf77UTTxKdmSHKGDsSB5w","12/28/2024 00:00:00","12/29/2024 00:00:00","12/30/2024 00:00:00","","","","","0.56","0.392","EN","Desktop","US","561434","sem/GwECAA==k-rbo_d-d_u-MTczNTQxNTI3Mzg0MjA0ODUyMA==_g-MjAyNzEHybrid-pu.............................................................","7185872","United States","Sarasota","Kompose Boutique Hotel","12/01/2024 00:00:00","Click","1","Active","1","Hotel","False","deeplinks","k-rbo_d-d_u-MTczNTQxNTI3Mzg0MjA0ODUyMA==_g-MjAyNzE","Hybrid-pu","kan_235046_561434",""
"$4eNlydwCoe9QGBShx0wTw","01/03/2025 00:00:00","01/04/2025 00:00:00","01/05/2025 00:00:00","","","","","4.28","2.996","EN","Desktop","CA","561434","sem/GwECAA==k-rbo_g-MTY1NjkyMjk3My4xNzM1OTM3MTMz_t-go.........Hybrid-pu.............................................................","468808","Dominican Republic","Punta Cana","Four Points by Sheraton Puntacana Village","01/01/2025 00:00:00","Click","1","Active","1","Hotel","False","deeplinks","k-rbo_g-MTY1NjkyMjk3My4xNzM1OTM3MTMz_t-go","Hybrid-pu","kan_235046_561434",""
"$aCvY14rmYPlSh0W4ubqJA","01/05/2025 00:00:00","01/06/2025 00:00:00","01/07/2025 00:00:00","","","","","6.1","4.27","EN","Desktop","US","561434","sem/GwECAA==k-rbo_g-MTk2MDQxNDMxMC4xNzM2MTI5ODQy_t-gp.........Hybrid-pu.............................................................","-100","Not Applicable","Not Applicable","Not Applicable","01/01/2025 00:00:00","Click","1","Active","1","Hotel","False","deeplinks","k-rbo_g-MTk2MDQxNDMxMC4xNzM2MTI5ODQy_t-gp","Hybrid-pu","kan_235046_561434",""
"$gPRdqVq$5YYSLMgifQFFA","01/05/2025 00:00:00","01/06/2025 00:00:00","01/07/2025 00:00:00","","","","","0.824658","0.577261","EN","Desktop","US","561434","sem/GwECAA==k-rbo_g-MTkyOTI1NDYyMi4xNzM2MTIwMTk5_t-oo.........Hybrid-pu.............................................................","-100","Not Applicable","Not Applicable","Not Applicable","01/01/2025 00:00:00","Click","1","Active","1","Hotel","False","deeplinks","k-rbo_g-MTkyOTI1NDYyMi4xNzM2MTIwMTk5_t-oo","Hybrid-pu","kan_235046_561434",""
"01IxsPzO65TlStDuoFcD5g","12/30/2024 00:00:00","04/24/2025 00:00:00","04/29/2025 00:00:00","","","","","2","1.4","EN","Desktop","US","561434","sem/GwECAA==k-rbo_d-d_u-MTczNTU5MTgyMzgzMTEzMzA5MQ==_g-ODM2MjYHybrid-pu.............................................................","29980","United States","Fort Lauderdale","Pelican Grand Beach Resort, a Noble House Resort","12/01/2024 00:00:00","Click","1","Active","1","Hotel","False","deeplinks","k-rbo_d-d_u-MTczNTU5MTgyMzgzMTEzMzA5MQ==_g-ODM2MjY","Hybrid-pu","kan_235046_561434",""
"0d8HwZMJTpjHR8nDPlp56g","12/30/2024 00:00:00","12/31/2024 00:00:00","01/01/2025 00:00:00","","","","","0.26058","0.182406","EN","Desktop","US","561434","sem/GwECAA==k-mlfr_g-NzQxNDMwNTQzLjE3MzU1NTE0Mjg=_t-dd........Category-pu...........................................................","-100","Not Applicable","Not Applicable","Not Applicable","12/01/2024 00:00:00","Click","1","Active","1","Hotel","False","deeplinks","k-mlfr_g-NzQxNDMwNTQzLjE3MzU1NTE0Mjg=_t-dd","Category-pu","kan_235046_561434",""
"1HL9VjgaAo9nT39PAy$ElA","12/31/2024 00:00:00","02/08/2025 00:00:00","02/10/2025 00:00:00","","","","","6.01","4.207","EN","Desktop","US","561434","sem/GwECAA==k-cbn_g-ODk4NTQ0NDI4LjE3MzU3MDE3ODk=_t-gp.........Hybrid-pu.............................................................","30615","United States","Key West","Santa Maria Suites Resort","12/01/2024 00:00:00","Click","1","Active","1","Hotel","False","deeplinks","k-cbn_g-ODk4NTQ0NDI4LjE3MzU3MDE3ODk=_t-gp","Hybrid-pu","kan_235046_561434",""
"1ozy5gwVaIj0RTXGEnxz$w","12/20/2024 00:00:00","12/21/2024 00:00:00","12/22/2024 00:00:00","","","","","0.25957","0.181699","EN","Desktop","US","561434","sem/GwECAA==k-mlfr_d-d_u-MTczNDY5NjAwNjQ4ODE3MzAxNg==_g-MTIzOTCategory-pu...........................................................","-100","Not Applicable","Not Applicable","Not Applicable","12/01/2024 00:00:00","Click","1","Active","1","Hotel","False","deeplinks","k-mlfr_d-d_u-MTczNDY5NjAwNjQ4ODE3MzAxNg==_g-MTIzOT","Category-pu","kan_235046_561434",""
"1xceHg_eYJjyQe3g1MeJvQ","01/02/2025 00:00:00","04/11/2025 00:00:00","04/18/2025 00:00:00","","","","","0.258805","0.181164","EN","Desktop","US","561434","sem/GwECAA==k-rbo_g-MTcwMjI5NTEyNC4xNzM1ODc0ODg2_t-gp.........Hybrid-pu.............................................................","-100","Not Applicable","Not Applicable","Not Applicable","01/01/2025 00:00:00","Click","1","Active","1","Hotel","False","deeplinks","k-rbo_g-MTcwMjI5NTEyNC4xNzM1ODc0ODg2_t-gp","Hybrid-pu","kan_235046_561434",""
"2065C_SITZO1Q$00a0a3VA","01/02/2025 00:00:00","02/19/2025 00:00:00","02/22/2025 00:00:00","","","","","2.94","2.058","EN","Desktop","US","561434","sem/GwECAA==k-bv_g-MTI0MDQyNDU1OS4xNzM1ODUwNzc1_t-gp..........Hybrid-pu.............................................................","0","","","","01/01/2025 00:00:00","Click","1","Active","1","Hotel","False","deeplinks","k-bv_g-MTI0MDQyNDU1OS4xNzM1ODUwNzc1_t-gp","Hybrid-pu","kan_235046_561434",""
"20gaIy8YG7VUQO__ODEsUg","12/26/2024 00:00:00","12/28/2024 00:00:00","01/04/2025 00:00:00","","","","","0.259811","0.181868","EN","Desktop","US","561434","sem/GwECAA==k-rbo_d-d_u-MTczNTI3Mjk3ODMzNzA0NjgwMw==_g-MTEyMjkHybrid-pu.............................................................","-100","Not Applicable","Not Applicable","Not Applicable","12/01/2024 00:00:00","Click","1","Active","1","Hotel","False","deeplinks","k-rbo_d-d_u-MTczNTI3Mjk3ODMzNzA0NjgwMw==_g-MTEyMjk","Hybrid-pu","kan_235046_561434",""
"2C67w0kt75v$SQyIuHHXsA","01/05/2025 00:00:00","02/27/2025 00:00:00","03/02/2025 00:00:00","","","","","3.618185","2.532729","EN","Desktop","US","561434","sem/GwECAA==k-rbo_g-MTMzNjI3NDg4Ni4xNzM2MTI4ODU1_t-gp.........Hybrid-pu.............................................................","1070430674","United States","Miami Beach","Bay Harbor One Vacation","01/01/2025 00:00:00","Click","1","Active","1","Hotel","False","deeplinks","k-rbo_g-MTMzNjI3NDg4Ni4xNzM2MTI4ODU1_t-gp","Hybrid-pu","kan_235046_561434",""
"2Elbc_dpC6YqQrq9vsNRMw","01/02/2025 00:00:00","06/05/2025 00:00:00","06/19/2025 00:00:00","","","","","1.987618","1.391333","EN","Desktop","US","561434","sem/GwECAA==k-rbo_g-Yy03MS4yMTIuNjMuMTMxLTE3MzU4NTE1MTkyMzctOQSubCategory:MonthlyStay-pu............................................","0","","","","01/01/2025 00:00:00","Click","1","Active","1","Hotel","False","deeplinks","k-rbo_g-Yy03MS4yMTIuNjMuMTMxLTE3MzU4NTE1MTkyMzctOQ","SubCategory:MonthlyStay-pu","kan_235046_561434",""
"2IrbZpz3QpLJSu93YdNERQ","12/30/2024 00:00:00","01/08/2025 00:00:00","04/08/2025 00:00:00","","","","","0","0","EN","Desktop","US","561434","sem/GwECAA==k-rbo_d-d_u-MTczNTYxNTIzNTU1Njg4MDMzMw==_g-Yy0xNzQSubCategory:MonthlyStay-pu............................................","4317237","United States","Atlantic Beach","Condo by the Sea, Steps to the Sand.","04/01/2025 00:00:00","Click","1","Active","1","Hotel","False","deeplinks","k-rbo_d-d_u-MTczNTYxNTIzNTU1Njg4MDMzMw==_g-Yy0xNzQ","SubCategory:MonthlyStay-pu","kan_235046_561434",""
"2oPea8reDp89TbYVL9pvPA","12/31/2024 00:00:00","02/08/2025 00:00:00","02/10/2025 00:00:00","","","","","2.010403","1.407282","EN","Desktop","US","561434","sem/GwECAA==k-cbn_g-ODk4NTQ0NDI4LjE3MzU3MDE3ODk=_t-gp.........Hybrid-pu.............................................................","24494","United States","Key West","Southernmost Beach Resort","12/01/2024 00:00:00","Click","1","Active","1","Hotel","False","deeplinks","k-cbn_g-ODk4NTQ0NDI4LjE3MzU3MDE3ODk=_t-gp","Hybrid-pu","kan_235046_561434",""
"2YDfCzYTR5WfRes_TTHORw","01/04/2025 00:00:00","01/05/2025 00:00:00","01/06/2025 00:00:00","","","","","1.8","1.26","EN","Desktop","US","561434","sem/GwECAA==k-rbo_g-MjAxNTY0MjEwOC4xNzM2MDIxMTI1_t-bo.........SubCategory:MonthlyStay-pu............................................","60700","United States","Mesa","Westgate Painted Mountain Golf Resort","01/01/2025 00:00:00","Click","1","Active","1","Hotel","False","deeplinks","k-rbo_g-MjAxNTY0MjEwOC4xNzM2MDIxMTI1_t-bo","SubCategory:MonthlyStay-pu","kan_235046_561434",""
"4GXHOxf50otrRjYI_nLjtA","01/05/2025 00:00:00","02/27/2025 00:00:00","03/02/2025 00:00:00","","","","","5.32","3.724","EN","Desktop","US","561434","sem/GwECAA==k-rbo_g-MTMzNjI3NDg4Ni4xNzM2MTI4ODU1_t-gp.........Hybrid-pu.............................................................","344402","United States","Miami","Roami at Habitat Brickell","01/01/2025 00:00:00","Click","1","Active","1","Hotel","False","deeplinks","k-rbo_g-MTMzNjI3NDg4Ni4xNzM2MTI4ODU1_t-gp","Hybrid-pu","kan_235046_561434",""
"5bDG$KhQULsvTnHmxQa8Ug","01/04/2025 00:00:00","01/05/2025 00:00:00","01/06/2025 00:00:00","","","","","0.7","0.49","EN","Desktop","US","561434","sem/GwECAA==k-rbo_g-Yy05OC4yMTYuMy4yMTktMTczNjAyMzQ3MjE1NC05..SubCategory:MonthlyStay-pu............................................","27049","United States","Kenner","Comfort Suites Airport","01/01/2025 00:00:00","Click","1","Active","1","Hotel","False","deeplinks","k-rbo_g-Yy05OC4yMTYuMy4yMTktMTczNjAyMzQ3MjE1NC05","SubCategory:MonthlyStay-pu","kan_235046_561434",""
"5TuBTR_RN501TImSbg4ljw","12/30/2024 00:00:00","12/31/2024 00:00:00","01/01/2025 00:00:00","","","","","3.418803","2.393162","EN","Desktop","US","561434","sem/GwECAA==k-rbo_d-d_u-MTczNTU1MjU4MzczMDk5NTQ4MA==_g-MTE5MTIHybrid-pu.............................................................","7698964","United States","Boston","Omni Boston Hotel at the Seaport","12/01/2024 00:00:00","Click","1","Active","1","Hotel","False","deeplinks","k-rbo_d-d_u-MTczNTU1MjU4MzczMDk5NTQ4MA==_g-MTE5MTI","Hybrid-pu","kan_235046_561434",""
"60LYkcOuTZenQEAgb6gPPg","01/05/2025 00:00:00","08/09/2025 00:00:00","08/16/2025 00:00:00","","","","","6.01","4.207","EN","Desktop","US","561434","sem/GwECAA==k-bv_g-MTk3MDAzMDk5My4xNzM2MDk2NDA3_t-gp..........Hybrid-pu.............................................................","45493","Cayman Islands","George Town","Grand Cayman Marriott Resort","01/01/2025 00:00:00","Click","1","Active","1","Hotel","False","deeplinks","k-bv_g-MTk3MDAzMDk5My4xNzM2MDk2NDA3_t-gp","Hybrid-pu","kan_235046_561434",""
"6BUm0iKGOKg1SCpD86MhwQ","01/02/2025 00:00:00","01/03/2025 00:00:00","01/04/2025 00:00:00","","","","","1.8","1.26","EN","Desktop","CA","561434","sem/GwECAA==k-rbo_g-MTY1NjI5MzQ0OC4xNzM1ODM1MDI2_t-gp.........Hybrid-pu.............................................................","1070399176","Mexico","Ixtapa","Hotel Villas Paraiso","01/01/2025 00:00:00","Click","1","Active","1","Hotel","False","deeplinks","k-rbo_g-MTY1NjI5MzQ0OC4xNzM1ODM1MDI2_t-gp","Hybrid-pu","kan_235046_561434",""
"6ttNSF_NpboARuWBjQGjUQ","12/28/2024 00:00:00","12/29/2024 00:00:00","12/30/2024 00:00:00","","","","","3.136363","2.195454","EN","Desktop","US","561434","sem/GwECAA==k-rbo_d-d_u-MTczNTQzMjQyNDEyMzA4NzY1Nw==_g-NzU0NzkHybrid-pu.............................................................","0","","","","12/01/2024 00:00:00","Click","1","Active","1","Hotel","False","deeplinks","k-rbo_d-d_u-MTczNTQzMjQyNDEyMzA4NzY1Nw==_g-NzU0Nzk","Hybrid-pu","kan_235046_561434",""
"7BfAjvlzqLF3RkecnvlRAQ","12/29/2024 00:00:00","12/30/2024 00:00:00","12/30/2024 00:00:00","","","","","0.33","0.231","EN","Desktop","US","561434","sem/GwECAA==k-fvr_d-d_u-MTczNTQ4Nzk0NDU1MjExMTA5Nw==_g-NDA4NDkCategory-pu...........................................................","-100","Not Applicable","Not Applicable","Not Applicable","12/01/2024 00:00:00","Click","1","Active","1","Flight","False","deeplinks","k-fvr_d-d_u-MTczNTQ4Nzk0NDU1MjExMTA5Nw==_g-NDA4NDk","Category-pu","kan_235046_561434",""
"7BH4bXHKcbTiSJtXkcCRvQ","12/31/2024 00:00:00","02/08/2025 00:00:00","02/10/2025 00:00:00","","","","","1.27","0.889","EN","Desktop","US","561434","sem/GwECAA==k-cbn_g-ODk4NTQ0NDI4LjE3MzU3MDE3ODk=_t-gp.........Hybrid-pu.............................................................","30615","United States","Key West","Santa Maria Suites Resort","12/01/2024 00:00:00","Click","1","Active","1","Hotel","False","deeplinks","k-cbn_g-ODk4NTQ0NDI4LjE3MzU3MDE3ODk=_t-gp","Hybrid-pu","kan_235046_561434",""
"7TyDzrju1asSRxkZnxbTpw","12/28/2024 00:00:00","12/29/2024 00:00:00","12/30/2024 00:00:00","","","","","6.01","4.207","EN","Desktop","US","561434","sem/GwECAA==k-rbo_d-d_u-MTczNTQwMDQxNjgxNzg3NjU5Nw==_g-NjQ5MDkHybrid-pu.............................................................","160197","United States","Port St. Lucie","Hilton Garden Inn at PGA Village/Port St. Lucie","12/01/2024 00:00:00","Click","1","Active","1","Hotel","False","deeplinks","k-rbo_d-d_u-MTczNTQwMDQxNjgxNzg3NjU5Nw==_g-NjQ5MDk","Hybrid-pu","kan_235046_561434",""
"8J5qC_9lyqZSQtLpsm6fig","12/28/2024 00:00:00","12/29/2024 00:00:00","12/30/2024 00:00:00","","","","","0","0","EN","Desktop","US","561434","sem/GwECAA==k-rbo_d-d_u-MTczNTQxNTI3Mzg0MjA0ODUyMA==_g-MjAyNzEHybrid-pu.............................................................","3344253","United States","Sarasota","Carlisle Inn","12/01/2024 00:00:00","Click","1","Active","1","Hotel","False","deeplinks","k-rbo_d-d_u-MTczNTQxNTI3Mzg0MjA0ODUyMA==_g-MjAyNzE","Hybrid-pu","kan_235046_561434",""
"8snOPC1jjayUTmK7oMPCEA","01/02/2025 00:00:00","02/19/2025 00:00:00","02/22/2025 00:00:00","","","","","2.94","2.058","EN","Desktop","US","561434","sem/GwECAA==k-bv_g-MTI0MDQyNDU1OS4xNzM1ODUwNzc1_t-gp..........Hybrid-pu.............................................................","0","","","","01/01/2025 00:00:00","Click","1","Active","1","Hotel","False","deeplinks","k-bv_g-MTI0MDQyNDU1OS4xNzM1ODUwNzc1_t-gp","Hybrid-pu","kan_235046_561434",""
"94ZFKMRsi7frSYmO42Ge1w","12/26/2024 00:00:00","12/27/2024 00:00:00","12/28/2024 00:00:00","","","","","0.831394","0.581976","EN","Desktop","US","561434","sem/GwECAA==k-rbo_d-d_u-MTczNTI0MjU5ODAwMzExNTgyOQ==_g-MTU3ODMHybrid-pu.............................................................","-100","Not Applicable","Not Applicable","Not Applicable","12/01/2024 00:00:00","Click","1","Active","1","Hotel","False","deeplinks","k-rbo_d-d_u-MTczNTI0MjU5ODAwMzExNTgyOQ==_g-MTU3ODM","Hybrid-pu","kan_235046_561434",""
"9aFKZMKxtLT_QvKpUR5eng","01/02/2025 00:00:00","04/18/2025 00:00:00","04/20/2025 00:00:00","","","","","0.082817","0.057972","EN","Desktop","US","561434","sem/GwECAA==k-rbo_g-NzI5ODU3NC4xNzM1ODM4Njc4_t-gp.............Hybrid-pu.............................................................","-100","Not Applicable","Not Applicable","Not Applicable","01/01/2025 00:00:00","Click","1","Active","1","Flight","False","deeplinks","k-rbo_g-NzI5ODU3NC4xNzM1ODM4Njc4_t-gp","Hybrid-pu","kan_235046_561434",""
"9diXIPoEQqNuQ7k9PN$Ftw","12/30/2024 00:00:00","12/31/2024 00:00:00","01/04/2025 00:00:00","","","","","3.033145","2.123201","EN","Desktop","US","561434","sem/GwECAA==k-rbo_d-d_u-MTczNTYwMTkzMDUwMzY3ODA2MQ==_g-MTM4NzcHybrid-pu.............................................................","5037968","United States","Ouray","Lotus Mountain Suites The Gallery","12/01/2024 00:00:00","Click","1","Active","1","Hotel","False","deeplinks","k-rbo_d-d_u-MTczNTYwMTkzMDUwMzY3ODA2MQ==_g-MTM4Nzc","Hybrid-pu","kan_235046_561434",""
"ACnJILJEZZ_5Tk_VIIpiew","01/01/2025 00:00:00","01/02/2025 00:00:00","01/03/2025 00:00:00","","","","","7.73","5.411","EN","Desktop","US","561434","sem/GwECAA==k-vct_g-MTU0NDQ0OTkyOS4xNzM1NzQzODUy_t-gp.........Hybrid-pu.............................................................","2731645","United States","Clemson","The Abernathy","01/01/2025 00:00:00","Click","1","Active","1","Hotel","False","deeplinks","k-vct_g-MTU0NDQ0OTkyOS4xNzM1NzQzODUy_t-gp","Hybrid-pu","kan_235046_561434",""
"aEMAkSWfJpniRLi6klSvGA","12/26/2024 00:00:00","12/27/2024 00:00:00","12/28/2024 00:00:00","","","","","0.5","0.35","EN","Desktop","US","561434","sem/GwECAA==k-rbo_d-d_u-MTczNTI1OTcxODY5ODcwNDM2MQ==_g-MTk0MDYSubCategory:MonthlyStay-pu............................................","-100","Not Applicable","Not Applicable","Not Applicable","12/01/2024 00:00:00","Click","1","Active","1","Hotel","False","deeplinks","k-rbo_d-d_u-MTczNTI1OTcxODY5ODcwNDM2MQ==_g-MTk0MDY","SubCategory:MonthlyStay-pu","kan_235046_561434",""
"ahtOx8t9U6xfSIkouZfO0A","01/05/2025 00:00:00","02/14/2025 00:00:00","02/17/2025 00:00:00","","","","","0.01","0.007","EN","Desktop","US","561434","sem/GwECAA==k-rbo_g-MTcyMDg2NzY3MC4xNzM1ODg2Njc5_t-gp.........SubCategory:VacationRental-pu.........................................","201584","United States","Park City","Main & SKY","01/01/2025 00:00:00","Click","1","Active","1","Hotel","False","deeplinks","k-rbo_g-MTcyMDg2NzY3MC4xNzM1ODg2Njc5_t-gp","SubCategory:VacationRental-pu","kan_235046_561434",""
"AS9NwCqZ1Y98RpOGWxgh$Q","01/01/2025 00:00:00","03/19/2025 00:00:00","03/21/2025 00:00:00","","","","","0.56","0.392","EN","Desktop","US","561434","sem/GwECAA==k-rbo_g-MjA2MjE0NjEwNS4xNzM1NzY5MjU4_t-bo.........SubCategory:Oceanfront-pu.............................................","38424","United States","Newport Beach","Little Inn By The Bay Newport Beach","01/01/2025 00:00:00","Click","1","Active","1","Hotel","False","deeplinks","k-rbo_g-MjA2MjE0NjEwNS4xNzM1NzY5MjU4_t-bo","SubCategory:Oceanfront-pu","kan_235046_561434",""
"AWczV_fmCqFWRpZNKg772Q","01/05/2025 00:00:00","01/06/2025 00:00:00","01/07/2025 00:00:00","","","","","0.04","0.028","EN","Desktop","US","561434","sem/GwECAA==k-vct_g-NzczMTM4Mjc4LjE3MzYxMDg0NjI=_t-gp.........Hybrid-pu.............................................................","7544682","United States","Medicine Park","Enjoy 360 Mountain views at 3BR House","01/01/2025 00:00:00","Click","1","Active","1","Hotel","False","deeplinks","k-vct_g-NzczMTM4Mjc4LjE3MzYxMDg0NjI=_t-gp","Hybrid-pu","kan_235046_561434",""
"AxbBGw8PLZ4kS2pA9V4Q9A","01/03/2025 00:00:00","02/04/2025 00:00:00","03/06/2025 00:00:00","","","","","0.2","0.14","EN","Desktop","US","561434","sem/GwECAA==k-rbo_g-Yy03NC4xMDkuMTg5LjE2Mi0xNzM1OTIxODU3OTE3LTSubCategory:MonthlyStay-pu............................................","-100","Not Applicable","Not Applicable","Not Applicable","01/01/2025 00:00:00","Click","1","Active","1","Hotel","False","deeplinks","k-rbo_g-Yy03NC4xMDkuMTg5LjE2Mi0xNzM1OTIxODU3OTE3LT","SubCategory:MonthlyStay-pu","kan_235046_561434",""
"b99EtaTkb69hTyLsz7W1XQ","12/30/2024 00:00:00","02/03/2025 00:00:00","02/17/2025 00:00:00","","","","","1","0.7","EN","Desktop","CA","561434","sem/GwECAA==k-fvr_d-d_u-MTczNTYwMjgzMjYzNzg2MTExNw==_g-ODMzNjAHybrid-pu.............................................................","491211","Mexico","Puerto Vallarta","Krystal Vallarta","12/01/2024 00:00:00","Click","1","Active","1","Hotel","False","deeplinks","k-fvr_d-d_u-MTczNTYwMjgzMjYzNzg2MTExNw==_g-ODMzNjA","Hybrid-pu","kan_235046_561434",""
"bNdK2PHYXoynTSJPHd24CQ","01/03/2025 00:00:00","02/04/2025 00:00:00","03/06/2025 00:00:00","","","","","0","0","EN","Desktop","US","561434","sem/GwECAA==k-rbo_g-Yy03NC4xMDkuMTg5LjE2Mi0xNzM1OTIxODU3OTE3LTSubCategory:MonthlyStay-pu............................................","0","","","","01/01/2025 00:00:00","Click","1","Active","1","Hotel","False","deeplinks","k-rbo_g-Yy03NC4xMDkuMTg5LjE2Mi0xNzM1OTIxODU3OTE3LT","SubCategory:MonthlyStay-pu","kan_235046_561434",""
"bo71NXP8U6L9QdEf6yLn1A","12/27/2024 00:00:00","12/28/2024 00:00:00","12/29/2024 00:00:00","","","","","6.01","4.207","EN","Desktop","US","561434","sem/GwECAA==k-rbo_d-d_u-MTczNTMyNDMzOTcyNTMyMjMxMg==_g-NTg3ODMHybrid-pu.............................................................","160197","United States","Port St. Lucie","Hilton Garden Inn at PGA Village/Port St. Lucie","12/01/2024 00:00:00","Click","1","Active","1","Hotel","False","deeplinks","k-rbo_d-d_u-MTczNTMyNDMzOTcyNTMyMjMxMg==_g-NTg3ODM","Hybrid-pu","kan_235046_561434",""
"cERVS_MaEZVjRyT99FtwgA","01/02/2025 00:00:00","02/19/2025 00:00:00","02/22/2025 00:00:00","","","","","0.04","0.028","EN","Desktop","US","561434","sem/GwECAA==k-bv_g-MTI0MDQyNDU1OS4xNzM1ODUwNzc1_t-gp..........Hybrid-pu.............................................................","1070427919","Aruba","Noord","Oceanfront - 2 Bedroom - Marriott's Aruba Surf Club - Full Resort Access","01/01/2025 00:00:00","Click","1","Active","1","Hotel","False","deeplinks","k-bv_g-MTI0MDQyNDU1OS4xNzM1ODUwNzc1_t-gp","Hybrid-pu","kan_235046_561434",""
"CfXHzuNmIpA$QOdez2ZFcw","12/26/2024 00:00:00","12/27/2024 00:00:00","12/28/2024 00:00:00","","","","","6.01","4.207","EN","Desktop","US","561434","sem/GwECAA==k-rbo_d-d_u-MTczNTI1OTcxODY5ODcwNDM2MQ==_g-MTk0MDYSubCategory:MonthlyStay-pu............................................","32887","United States","Pensacola Beach","Surf & Sand Hotel","12/01/2024 00:00:00","Click","1","Active","1","Hotel","False","deeplinks","k-rbo_d-d_u-MTczNTI1OTcxODY5ODcwNDM2MQ==_g-MTk0MDY","SubCategory:MonthlyStay-pu","kan_235046_561434",""
"clh63ctVLonuTBjkX2pu0g","01/01/2025 00:00:00","01/14/2025 00:00:00","01/14/2025 00:00:00","","","","","0.15","0.105","EN","Desktop","US","561434","sem/GwECAA==k-bv_g-MzgwMDM1MjI5LjE3MzU0Mzk3NTc=_t-gp..........Hybrid-pu.............................................................","-100","Not Applicable","Not Applicable","Not Applicable","01/01/2025 00:00:00","Click","1","Active","1","Flight","False","deeplinks","k-bv_g-MzgwMDM1MjI5LjE3MzU0Mzk3NTc=_t-gp","Hybrid-pu","kan_235046_561434",""
"cn1aeHHnaKFBSNg1KIcLug","01/05/2025 00:00:00","02/27/2025 00:00:00","03/02/2025 00:00:00","","","","","3.257397","2.280178","EN","Desktop","US","561434","sem/GwECAA==k-rbo_g-MTMzNjI3NDg4Ni4xNzM2MTI4ODU1_t-gp.........Hybrid-pu.............................................................","9672402","United States","Miami","Downtown Miami Studio Condo","01/01/2025 00:00:00","Click","1","Active","1","Hotel","False","deeplinks","k-rbo_g-MTMzNjI3NDg4Ni4xNzM2MTI4ODU1_t-gp","Hybrid-pu","kan_235046_561434",""
"cQr8wFzi9KdPShZx8tkiTg","12/30/2024 00:00:00","12/31/2024 00:00:00","01/01/2025 00:00:00","","","","","5.85","4.095","EN","Desktop","US","561434","sem/GwECAA==k-orai_d-d_u-MTczNTU5NTA5NTM2MTY1NjY4NA==_g-MjE0NTHybrid-pu.............................................................","33541","United States","Coronado","Loews Coronado Bay Resort","12/01/2024 00:00:00","Click","1","Active","1","Hotel","False","deeplinks","k-orai_d-d_u-MTczNTU5NTA5NTM2MTY1NjY4NA==_g-MjE0NT","Hybrid-pu","kan_235046_561434",""
"CWZ7E2IZQYtVQAgMdjCiMQ","12/27/2024 00:00:00","12/28/2024 00:00:00","12/29/2024 00:00:00","","","","","0.832414","0.58269","EN","Desktop","US","561434","sem/GwECAA==k-rbo_d-d_u-MTczNTMzODc3MjUxMjE5NzAwNA==_g-MTgwMTUHybrid-pu.............................................................","-100","Not Applicable","Not Applicable","Not Applicable","12/01/2024 00:00:00","Click","1","Active","1","Hotel","False","deeplinks","k-rbo_d-d_u-MTczNTMzODc3MjUxMjE5NzAwNA==_g-MTgwMTU","Hybrid-pu","kan_235046_561434",""
"d88jz9EW6IOXRSwxmRHafA","12/28/2024 00:00:00","12/29/2024 00:00:00","12/30/2024 00:00:00","","","","","1","0.7","EN","Desktop","US","561434","sem/GwECAA==k-rbo_d-d_u-MTczNTQxMzUyNzEwMTM4ODg3Ng==_g-NzUwMTESubCategory:MonthlyStay-pu............................................","-100","Not Applicable","Not Applicable","Not Applicable","12/01/2024 00:00:00","Click","1","Active","1","Hotel","False","deeplinks","k-rbo_d-d_u-MTczNTQxMzUyNzEwMTM4ODg3Ng==_g-NzUwMTE","SubCategory:MonthlyStay-pu","kan_235046_561434",""
"dJx$xvxM6qn$RVTyrbtKNw","12/28/2024 00:00:00","12/29/2024 00:00:00","12/30/2024 00:00:00","","","","","3.88","2.716","EN","Desktop","US","561434","sem/GwECAA==k-rbo_d-d_u-MTczNTQxNTI3Mzg0MjA0ODUyMA==_g-MjAyNzEHybrid-pu.............................................................","314639","United States","Sarasota","Hampton Inn & Suites Sarasota/Bradenton-Airport","12/01/2024 00:00:00","Click","1","Active","1","Hotel","False","deeplinks","k-rbo_d-d_u-MTczNTQxNTI3Mzg0MjA0ODUyMA==_g-MjAyNzE","Hybrid-pu","kan_235046_561434",""
"do7ocZ_MGqpvRRoi8w8GJg","12/29/2024 00:00:00","12/30/2024 00:00:00","12/31/2024 00:00:00","","","","","6.01","4.207","EN","Desktop","US","561434","sem/GwECAA==k-rbo_d-d_u-MTczNTQ3NTI5NTY0MjEwMDY3OA==_g-MjExMTUHybrid-pu.............................................................","0","","","","12/01/2024 00:00:00","Click","1","Active","1","Hotel","False","deeplinks","k-rbo_d-d_u-MTczNTQ3NTI5NTY0MjEwMDY3OA==_g-MjExMTU","Hybrid-pu","kan_235046_561434",""
"DxBxXcznXpLpTVdakoBQJA","12/29/2024 00:00:00","12/30/2024 00:00:00","12/31/2024 00:00:00","","","","","0.83382","0.583674","EN","Desktop","US","561434","sem/GwECAA==k-rbo_d-d_u-MTczNTQ4MTMxMjExNTUwODEwNQ==_g-MTA2ODESubCategory:MonthlyStay-pu............................................","-100","Not Applicable","Not Applicable","Not Applicable","12/01/2024 00:00:00","Click","1","Active","1","Hotel","False","deeplinks","k-rbo_d-d_u-MTczNTQ4MTMxMjExNTUwODEwNQ==_g-MTA2ODE","SubCategory:MonthlyStay-pu","kan_235046_561434",""
"DXNUtL06KojMQ5$R0QYKeg","12/29/2024 00:00:00","12/30/2024 00:00:00","12/31/2024 00:00:00","","","","","4.6","3.22","EN","Desktop","US","561434","sem/GwECAA==k-rbo_d-d_u-MTczNTUyMzE5NTQ0MzMzNTg0NQ==_g-MTE2ODkHybrid-pu.............................................................","741473","United States","Lake Harmony","Lake Harmony Inn","12/01/2024 00:00:00","Click","1","Active","1","Hotel","False","deeplinks","k-rbo_d-d_u-MTczNTUyMzE5NTQ0MzMzNTg0NQ==_g-MTE2ODk","Hybrid-pu","kan_235046_561434",""
"DYLpFLRv45NiTkOJHAhpqQ","12/30/2024 00:00:00","12/31/2024 00:00:00","01/01/2025 00:00:00","","","","","6.01","4.207","EN","Desktop","US","561434","sem/GwECAA==k-rbo_d-d_u-MTczNTU1MjU4MzczMDk5NTQ4MA==_g-MTE5MTIHybrid-pu.............................................................","7698964","United States","Boston","Omni Boston Hotel at the Seaport","12/01/2024 00:00:00","Click","1","Active","1","Hotel","False","deeplinks","k-rbo_d-d_u-MTczNTU1MjU4MzczMDk5NTQ4MA==_g-MTE5MTI","Hybrid-pu","kan_235046_561434",""
"E_tbB4QjJpYQQv8NFriiTw","01/05/2025 00:00:00","08/09/2025 00:00:00","08/16/2025 00:00:00","","","","","0.25","0.175","EN","Desktop","US","561434","sem/GwECAA==k-bv_g-MTk3MDAzMDk5My4xNzM2MDk2NDA3_t-gp..........Hybrid-pu.............................................................","-100","Not Applicable","Not Applicable","Not Applicable","01/01/2025 00:00:00","Click","1","Active","1","Package","False","deeplinks","k-bv_g-MTk3MDAzMDk5My4xNzM2MDk2NDA3_t-gp","Hybrid-pu","kan_235046_561434",""
"e2FwUHpGs6U7Qj8EgknrNQ","12/26/2024 00:00:00","12/28/2024 00:00:00","01/04/2025 00:00:00","","","","","6.01","4.207","EN","Desktop","US","561434","sem/GwECAA==k-htl_d-d_u-MTczNTI3MzMyNDk2ODQxODA4Ng==_g-MjEwNzkHybrid-pu.............................................................","2959513","Puerto Rico","San Juan","Conturce Hostel","12/01/2024 00:00:00","Click","1","Active","1","Hotel","False","deeplinks","k-htl_d-d_u-MTczNTI3MzMyNDk2ODQxODA4Ng==_g-MjEwNzk","Hybrid-pu","kan_235046_561434",""
"e5wz1LzUQoyUQ8otOZRuPw","12/30/2024 00:00:00","12/31/2024 00:00:00","01/05/2025 00:00:00","","","","","0.03","0.021","EN","Desktop","US","561434","sem/GwECAA==k-cbn_d-d_u-MTczNTU3MDExODI4MzMwMTA2OA==_g-MTE1MzIHybrid-pu.............................................................","514454","United Kingdom","Preston","Royal Oak Hotel, Garstang","12/01/2024 00:00:00","Click","1","Active","1","Hotel","False","deeplinks","k-cbn_d-d_u-MTczNTU3MDExODI4MzMwMTA2OA==_g-MTE1MzI","Hybrid-pu","kan_235046_561434",""
"EibQABByYpSQQtXrVMegzQ","12/31/2024 00:00:00","02/08/2025 00:00:00","02/10/2025 00:00:00","","","","","6.01","4.207","EN","Desktop","US","561434","sem/GwECAA==k-cbn_g-ODk4NTQ0NDI4LjE3MzU3MDE3ODk=_t-gp.........Hybrid-pu.............................................................","30615","United States","Key West","Santa Maria Suites Resort","12/01/2024 00:00:00","Click","1","Active","1","Hotel","False","deeplinks","k-cbn_g-ODk4NTQ0NDI4LjE3MzU3MDE3ODk=_t-gp","Hybrid-pu","kan_235046_561434",""
"f$pVyWQraZU1SuV87RU4Mw","01/04/2025 00:00:00","01/05/2025 00:00:00","01/06/2025 00:00:00","","","","","6.01","4.207","EN","Desktop","US","561434","sem/GwECAA==k-rbo_g-MTQ0ODM1NDg5MS4xNzM1OTI3NjA3_t-oo.........Hybrid-pu.............................................................","71707","St. Maarten","Lowlands","Sonesta Maho Beach Resort Casino & Spa","01/01/2025 00:00:00","Click","1","Active","1","Hotel","False","deeplinks","k-rbo_g-MTQ0ODM1NDg5MS4xNzM1OTI3NjA3_t-oo","Hybrid-pu","kan_235046_561434",""
"ffYqv__GU5ueTHAIJDymjw","01/04/2025 00:00:00","02/01/2025 00:00:00","02/20/2025 00:00:00","","","","","0.04","0.028","EN","Desktop","CA","561434","sem/GwECAA==k-rbo_g-MTIyMzg3OTEyOS4xNzM1OTM5NDU5_t-bo.........SubCategory:MonthlyStay-pu............................................","7452971","Canada","Kitchener","Beautiful Modern Suite: Kitchen. Patio, Parking, Park/grand River Walking Trails","01/01/2025 00:00:00","Click","1","Active","1","Hotel","False","deeplinks","k-rbo_g-MTIyMzg3OTEyOS4xNzM1OTM5NDU5_t-bo","SubCategory:MonthlyStay-pu","kan_235046_561434",""
"fpuVGQLk56mQSaEKg0P5fg","01/03/2025 00:00:00","05/24/2025 00:00:00","05/27/2025 00:00:00","","","","","0.04","0.028","EN","Desktop","US","561434","sem/GwECAA==k-rbo_g-MTM4Mjk4OTg2OC4xNzM1OTEyNzUz_t-go.........Hybrid-pu.............................................................","4016520","United States","Lavallette","2021 Lavallette New 3 Br Beach Home, C A/C Granite Kitchen 9 Houses From Beach","01/01/2025 00:00:00","Click","1","Active","1","Hotel","False","deeplinks","k-rbo_g-MTM4Mjk4OTg2OC4xNzM1OTEyNzUz_t-go","Hybrid-pu","kan_235046_561434",""
"fVhd__dcfYiAQlBQDClLzg","12/28/2024 00:00:00","12/29/2024 00:00:00","12/30/2024 00:00:00","","","","","2.17774","1.524418","EN","Desktop","US","561434","sem/GwECAA==k-rbo_d-d_u-MTczNTQxMzIyNTY5MTE1NjM4MA==_g-Yy03My4Category-pu...........................................................","0","","","","12/01/2024 00:00:00","Click","1","Active","1","Hotel","False","deeplinks","k-rbo_d-d_u-MTczNTQxMzIyNTY5MTE1NjM4MA==_g-Yy03My4","Category-pu","kan_235046_561434",""
"GI9r1Fm4wITHQsZ0ZqrPcw","12/28/2024 00:00:00","12/29/2024 00:00:00","12/30/2024 00:00:00","","","","","6.01","4.207","EN","Desktop","CA","561434","sem/GwECAA==k-vct_d-d_u-MTczNTQ0NDE0MDYwNDEzODI3MQ==_g-ODM1NTYHybrid-pu.............................................................","32676","United States","Kīhei","Maui Coast Hotel","12/01/2024 00:00:00","Click","1","Active","1","Hotel","False","deeplinks","k-vct_d-d_u-MTczNTQ0NDE0MDYwNDEzODI3MQ==_g-ODM1NTY","Hybrid-pu","kan_235046_561434",""
"GqiEeBRrB48KSyNDSsTxew","12/27/2024 00:00:00","12/28/2024 00:00:00","12/29/2024 00:00:00","","","","","2.27","1.589","EN","Desktop","CA","561434","sem/GwECAA==k-rbo_d-d_u-MTczNTMzNDM1NDQ4NzgwNTIxOQ==_g-MTA2MTkCategory-pu...........................................................","58831","Mexico","Puerto Vallarta","Flamingo Vallarta Hotel & Marina","12/01/2024 00:00:00","Click","1","Active","1","Hotel","False","deeplinks","k-rbo_d-d_u-MTczNTMzNDM1NDQ4NzgwNTIxOQ==_g-MTA2MTk","Category-pu","kan_235046_561434",""
"gZ1fkm$lfofqQDIxiDEyJw","01/03/2025 00:00:00","02/04/2025 00:00:00","03/06/2025 00:00:00","","","","","0","0","EN","Desktop","US","561434","sem/GwECAA==k-rbo_g-Yy03NC4xMDkuMTg5LjE2Mi0xNzM1OTIxODU3OTE3LTSubCategory:MonthlyStay-pu............................................","0","","","","01/01/2025 00:00:00","Click","1","Active","1","Hotel","False","deeplinks","k-rbo_g-Yy03NC4xMDkuMTg5LjE2Mi0xNzM1OTIxODU3OTE3LT","SubCategory:MonthlyStay-pu","kan_235046_561434",""
"H3D1b8J0UKeTQADa13M41g","12/26/2024 00:00:00","04/06/2025 00:00:00","04/27/2025 00:00:00","","","","","5.29","3.703","EN","Desktop","CA","561434","sem/GwECAA==k-rbo_d-d_u-MTczNTI0OTU4ODE1MTYyMjU3Mg==_g-MTg3NzIHybrid-pu.............................................................","9179","United States","Kīhei","Sugar Beach Resort by Condominium Rentals Hawaii","12/01/2024 00:00:00","Click","1","Active","1","Hotel","False","deeplinks","k-rbo_d-d_u-MTczNTI0OTU4ODE1MTYyMjU3Mg==_g-MTg3NzI","Hybrid-pu","kan_235046_561434",""
"HIjsseVdK65zRJTSse_WRQ","01/02/2025 00:00:00","01/03/2025 00:00:00","01/04/2025 00:00:00","","","","","1.811632","1.268142","EN","Desktop","US","561434","sem/GwECAA==k-rbo_g-MTQ5OTkxMTg0Mi4xNzM1ODUzMTYw_t-bo.........Hybrid-pu.............................................................","3381964","United States","Oscoda","Gold Coast Family Cottages","01/01/2025 00:00:00","Click","1","Active","1","Hotel","False","deeplinks","k-rbo_g-MTQ5OTkxMTg0Mi4xNzM1ODUzMTYw_t-bo","Hybrid-pu","kan_235046_561434",""
"Hj4hw8atWpXzQrjSQ74ntA","01/02/2025 00:00:00","02/15/2025 00:00:00","03/15/2025 00:00:00","","","","","0.04","0.028","EN","Desktop","US","561434","sem/GwECAA==k-rbo_g-NjMzMDY2MDk0LjE3MzU1OTQ5MDc=_t-bo.........SubCategory:WinterRental-pu...........................................","8246575","United States","Englewood","Cozy Condo With Heated Pool","01/01/2025 00:00:00","Click","1","Active","1","Hotel","False","deeplinks","k-rbo_g-NjMzMDY2MDk0LjE3MzU1OTQ5MDc=_t-bo","SubCategory:WinterRental-pu","kan_235046_561434",""
"I$p8wQfJf54lRaR4uZ8tWA","01/01/2025 00:00:00","01/23/2025 00:00:00","01/26/2025 00:00:00","","","","","0.83091","0.581637","EN","Desktop","US","561434","sem/GwECAA==k-rbo_g-MTI5NjYyNTI1NS4xNzM1NzY4NzIy_t-gp.........Hybrid-pu.............................................................","-100","Not Applicable","Not Applicable","Not Applicable","01/01/2025 00:00:00","Click","1","Active","1","Hotel","False","deeplinks","k-rbo_g-MTI5NjYyNTI1NS4xNzM1NzY4NzIy_t-gp","Hybrid-pu","kan_235046_561434",""
"ikjZmrAzBrUwTx0wEm2qWA","01/02/2025 00:00:00","02/19/2025 00:00:00","02/22/2025 00:00:00","","","","","2.94","2.058","EN","Desktop","US","561434","sem/GwECAA==k-bv_g-MTI0MDQyNDU1OS4xNzM1ODUwNzc1_t-gp..........Hybrid-pu.............................................................","0","","","","01/01/2025 00:00:00","Click","1","Active","1","Hotel","False","deeplinks","k-bv_g-MTI0MDQyNDU1OS4xNzM1ODUwNzc1_t-gp","Hybrid-pu","kan_235046_561434",""
"iRcWSDv66KIjTKDf6nvqWA","01/02/2025 00:00:00","01/03/2025 00:00:00","01/04/2025 00:00:00","","","","","1.8","1.26","EN","Desktop","US","561434","sem/GwECAA==k-rbo_g-MTM3MTIyMzg3LjE3MzU4MzE2MDY=_t-bo.........Hybrid-pu.............................................................","0","","","","01/01/2025 00:00:00","Click","1","Active","1","Hotel","False","deeplinks","k-rbo_g-MTM3MTIyMzg3LjE3MzU4MzE2MDY=_t-bo","Hybrid-pu","kan_235046_561434",""
"IvHTo4LSU7F0RSULksz0Ew","01/02/2025 00:00:00","03/22/2025 00:00:00","03/29/2025 00:00:00","","","","","0.04","0.028","EN","Desktop","US","561434","sem/GwECAA==k-rbo_g-OTY3MjQxNjAyLjE3MzU4Njk2MDk=_t-gp.........Hybrid-pu.............................................................","1070029931","United States","Indian Rocks Beach","Gulf Front Corner Unit With Two Bedrooms Two Full Bathrooms Direct Gulf View Sleeps 6","01/01/2025 00:00:00","Click","1","Active","1","Hotel","False","deeplinks","k-rbo_g-OTY3MjQxNjAyLjE3MzU4Njk2MDk=_t-gp","Hybrid-pu","kan_235046_561434",""
"j3c9_hBtQrWNT248FmCzCA","12/29/2024 00:00:00","01/21/2025 00:00:00","01/21/2025 00:00:00","","","","","0.33","0.231","EN","Desktop","US","561434","sem/GwECAA==k-pct_d-d_u-MTczNTQ5NDQ1MzMwMDc3MzQ1NA==_g-MTM2MjMCategory-pu...........................................................","-100","Not Applicable","Not Applicable","Not Applicable","12/01/2024 00:00:00","Click","1","Active","1","Flight","False","deeplinks","k-pct_d-d_u-MTczNTQ5NDQ1MzMwMDc3MzQ1NA==_g-MTM2MjM","Category-pu","kan_235046_561434",""
"JAvkazfsPZKXTk3rCcBVpQ","12/26/2024 00:00:00","01/26/2025 00:00:00","01/27/2025 00:00:00","","","","","5.27","3.689","EN","Desktop","US","561434","sem/GwECAA==k-vct_d-d_u-MTczNTI1OTAzNDY4NTc5MTEyNg==_g-MTgwMjMHybrid-pu.............................................................","131381","Cayman Islands","George Town","The Westin Grand Cayman Seven Mile Beach Resort & Spa","12/01/2024 00:00:00","Click","1","Active","1","Hotel","False","deeplinks","k-vct_d-d_u-MTczNTI1OTAzNDY4NTc5MTEyNg==_g-MTgwMjM","Hybrid-pu","kan_235046_561434",""
"JcqSLs2T7bVRROTUmQauzA","12/26/2024 00:00:00","02/19/2025 00:00:00","02/22/2025 00:00:00","","","","","0.259811","0.181868","EN","Desktop","US","561434","sem/GwECAA==k-vct_d-d_u-MTczNTI1MzcyNTg0MTM3MTkxOA==_g-NDQ5MjAHybrid-pu.............................................................","-100","Not Applicable","Not Applicable","Not Applicable","12/01/2024 00:00:00","Click","1","Active","1","Hotel","False","deeplinks","k-vct_d-d_u-MTczNTI1MzcyNTg0MTM3MTkxOA==_g-NDQ5MjA","Hybrid-pu","kan_235046_561434",""
"JDOSkGfmuIj_QmXQE38Yyg","12/29/2024 00:00:00","01/24/2025 00:00:00","01/26/2025 00:00:00","","","","","0.33","0.231","EN","Desktop","US","561434","sem/GwECAA==k-rbo_d-d_u-MTczNTUwNDA5NTAwODk4MDM4Nw==_g-Yy0yMTYSubCategory:Cabin-pu..................................................","-100","Not Applicable","Not Applicable","Not Applicable","12/01/2024 00:00:00","Click","1","Active","1","Flight","False","deeplinks","k-rbo_d-d_u-MTczNTUwNDA5NTAwODk4MDM4Nw==_g-Yy0yMTY","SubCategory:Cabin-pu","kan_235046_561434",""
"jFPIq8$L7IZ5RiBwnanLcQ","01/05/2025 00:00:00","08/09/2025 00:00:00","08/16/2025 00:00:00","","","","","2.2","1.54","EN","Desktop","US","561434","sem/GwECAA==k-bv_g-MTk3MDAzMDk5My4xNzM2MDk2NDA3_t-gp..........Hybrid-pu.............................................................","-100","Not Applicable","Not Applicable","Not Applicable","01/01/2025 00:00:00","Click","1","Active","1","Package","False","deeplinks","k-bv_g-MTk3MDAzMDk5My4xNzM2MDk2NDA3_t-gp","Hybrid-pu","kan_235046_561434",""
"JfshzoGt0LG7QBjA43GInA","01/01/2025 00:00:00","01/11/2025 00:00:00","03/12/2025 00:00:00","","","","","5.99","4.193","EN","Desktop","US","561434","sem/GwECAA==k-rbo_g-MTk2MzQ1NDI2My4xNzM1NzkyMzIy_t-bo.........SubCategory:MonthlyStay-pu............................................","190961","United States","Arlington","Holiday Inn Arlington Ne-Rangers Ballpark","01/01/2025 00:00:00","Click","1","Active","1","Hotel","False","deeplinks","k-rbo_g-MTk2MzQ1NDI2My4xNzM1NzkyMzIy_t-bo","SubCategory:MonthlyStay-pu","kan_235046_561434",""
"Jg4ijHeSWp88Sj3AUNhWpg","12/31/2024 00:00:00","01/25/2025 00:00:00","01/28/2025 00:00:00","","","","","0.288995","0.202296","EN","Desktop","US","561434","sem/GwECAA==k-vct_d-d_u-MTczNTYyNTg3MDUwNjQ4NjQ3OQ==_g-MTg0OTEHybrid-pu.............................................................","-100","Not Applicable","Not Applicable","Not Applicable","12/01/2024 00:00:00","Click","1","Active","1","Car","False","deeplinks","k-vct_d-d_u-MTczNTYyNTg3MDUwNjQ4NjQ3OQ==_g-MTg0OTE","Hybrid-pu","kan_235046_561434",""
"JHVayoYs0qWnTjXxK7iGHw","12/31/2024 00:00:00","01/01/2025 00:00:00","01/02/2025 00:00:00","","","","","3.614207","2.529945","EN","Desktop","US","561434","sem/GwECAA==k-rbo_d-d_u-MTczNTYzNTk2MDUwOTQ5MjY2MQ==_g-NjQ2NTESubCategory:ShortTermStay-pu..........................................","8770","Israel","Jerusalem","Dan Panorama Jerusalem","12/01/2024 00:00:00","Click","1","Active","1","Hotel","False","deeplinks","k-rbo_d-d_u-MTczNTYzNTk2MDUwOTQ5MjY2MQ==_g-NjQ2NTE","SubCategory:ShortTermStay-pu","kan_235046_561434",""
"JjiK4ppiC7ECT4wSMvnqYg","01/03/2025 00:00:00","02/27/2025 00:00:00","03/02/2025 00:00:00","","","","","1.692012","1.184408","EN","Desktop","US","561434","sem/GwECAA==k-rbo_g-MTkxNzc0MDc0NS4xNzM1OTQ4Mzcz_t-gp.........Hybrid-pu.............................................................","8667656","United States","Punta Gorda","Luxury Villa in Punta Gorda Isles","01/01/2025 00:00:00","Click","1","Active","1","Hotel","False","deeplinks","k-rbo_g-MTkxNzc0MDc0NS4xNzM1OTQ4Mzcz_t-gp","Hybrid-pu","kan_235046_561434",""
"jrkEeI$bho5jRmgQbOFVfw","12/30/2024 00:00:00","12/31/2024 00:00:00","01/01/2025 00:00:00","","","","","2.824682","1.977277","EN","Desktop","US","561434","sem/GwECAA==k-rbo_d-d_u-MTczNTU4MzYyMTAzMjI0NzgzNw==_g-NjkxMjgCategory-pu...........................................................","0","","","","12/01/2024 00:00:00","Click","1","Active","1","Hotel","False","deeplinks","k-rbo_d-d_u-MTczNTU4MzYyMTAzMjI0NzgzNw==_g-NjkxMjg","Category-pu","kan_235046_561434",""
"k0Rta3a7v6NuSxJe3s_JBA","01/03/2025 00:00:00","01/04/2025 00:00:00","01/05/2025 00:00:00","","","","","3.62132","2.534924","EN","Desktop","US","561434","sem/GwECAA==k-rbo_g-NTAyNDEyMzc1LjE3MzU5MzIxNjY=_t-gp.........Hybrid-pu.............................................................","2603459","Italy","Livigno","Hotel Flora","01/01/2025 00:00:00","Click","1","Active","1","Hotel","False","deeplinks","k-rbo_g-NTAyNDEyMzc1LjE3MzU5MzIxNjY=_t-gp","Hybrid-pu","kan_235046_561434",""
"kgQhQn_F_JTfSz6hIJnvvg","01/02/2025 00:00:00","02/19/2025 00:00:00","02/22/2025 00:00:00","","","","","0.258805","0.181164","EN","Desktop","US","561434","sem/GwECAA==k-bv_g-MTI0MDQyNDU1OS4xNzM1ODUwNzc1_t-gp..........Hybrid-pu.............................................................","-100","Not Applicable","Not Applicable","Not Applicable","01/01/2025 00:00:00","Click","1","Active","1","Hotel","False","deeplinks","k-bv_g-MTI0MDQyNDU1OS4xNzM1ODUwNzc1_t-gp","Hybrid-pu","kan_235046_561434",""
"kibM3qmG75LXRbrJY3VjdQ","01/05/2025 00:00:00","03/18/2025 00:00:00","03/27/2025 00:00:00","","","","","3.618185","2.532729","EN","Desktop","US","561434","sem/GwECAA==k-rbo_g-Yy02OS4xMzcuMTUyLjQ1LTE3MzYwODQ0MTgyNjUtOQSubCategory:MonthlyStay-pu............................................","9806453","United States","Key West","Tranquillity","01/01/2025 00:00:00","Click","1","Active","1","Hotel","False","deeplinks","k-rbo_g-Yy02OS4xMzcuMTUyLjQ1LTE3MzYwODQ0MTgyNjUtOQ","SubCategory:MonthlyStay-pu","kan_235046_561434",""
"kyBJisr3QrCBTyA4tHkh5A","01/02/2025 00:00:00","03/16/2025 00:00:00","03/20/2025 00:00:00","","","","","1.8","1.26","EN","Desktop","US","561434","sem/GwECAA==k-rbo_g-ODQ5OTg3MjA4LjE3MzU4NDQ4Mjk=_t-gp.........Hybrid-pu.............................................................","502333","United States","Red River","Worldmark Red River","01/01/2025 00:00:00","Click","1","Active","1","Hotel","False","deeplinks","k-rbo_g-ODQ5OTg3MjA4LjE3MzU4NDQ4Mjk=_t-gp","Hybrid-pu","kan_235046_561434",""
"l$Ypk0Mze66PSHzAYvHJ1w","12/28/2024 00:00:00","12/31/2024 00:00:00","01/02/2025 00:00:00","","","","","6.01","4.207","EN","Desktop","US","561434","sem/GwECAA==k-rbo_d-d_u-MTczNTQwNTMyMzY0NzQ2MDk3Ng==_g-MjgzMzcHybrid-pu.............................................................","2078706","United States","South Lake Tahoe","Heavenly Village Condos - Grand Residence","12/01/2024 00:00:00","Click","1","Active","1","Hotel","False","deeplinks","k-rbo_d-d_u-MTczNTQwNTMyMzY0NzQ2MDk3Ng==_g-MjgzMzc","Hybrid-pu","kan_235046_561434",""
"lAVqBovgDKabR4MRNnq_CQ","01/01/2025 00:00:00","01/10/2025 00:00:00","01/24/2025 00:00:00","","","","","2.991274","2.093892","EN","Desktop","US","561434","sem/GwECAA==k-rbo_g-ODMyMzQ4ODAxLjE3MzU2NzI2MTA=_t-gp.........Hybrid-pu.............................................................","0","","","","01/01/2025 00:00:00","Click","1","Active","1","Hotel","False","deeplinks","k-rbo_g-ODMyMzQ4ODAxLjE3MzU2NzI2MTA=_t-gp","Hybrid-pu","kan_235046_561434",""
"lIVYd9iK7q0EQUhYkaE_4w","01/04/2025 00:00:00","01/05/2025 00:00:00","01/06/2025 00:00:00","","","","","1.80032","1.260224","EN","Desktop","US","561434","sem/GwECAA==k-rbo_g-Yy0xNDguNzQuMTgxLjI1MS0xNzM1OTk4MTIxNzcxLTCategory-pu...........................................................","3221012","United States","Seaside Heights","JD Apartment and House","01/01/2025 00:00:00","Click","1","Active","1","Hotel","False","deeplinks","k-rbo_g-Yy0xNDguNzQuMTgxLjI1MS0xNzM1OTk4MTIxNzcxLT","Category-pu","kan_235046_561434",""
"llNXeJrAgrWSRaVBZs_hGA","12/28/2024 00:00:00","12/29/2024 00:00:00","12/30/2024 00:00:00","","","","","0","0","EN","Desktop","US","561434","sem/GwECAA==k-orai_d-d_u-MTczNTQyNDc5OTU2MzQ5NzU0Ng==_g-MjEzMDHybrid-pu.............................................................","1070480024","Australia","Leconfield","Leconfield House, heritage luxury in the Hunter Valley, built 1872","12/01/2024 00:00:00","Click","1","Active","1","Hotel","False","deeplinks","k-orai_d-d_u-MTczNTQyNDc5OTU2MzQ5NzU0Ng==_g-MjEzMD","Hybrid-pu","kan_235046_561434",""
"lp5lE35jq7TDSwGfSPykHw","01/05/2025 00:00:00","08/09/2025 00:00:00","08/16/2025 00:00:00","","","","","2.2","1.54","EN","Desktop","US","561434","sem/GwECAA==k-bv_g-MTk3MDAzMDk5My4xNzM2MDk2NDA3_t-gp..........Hybrid-pu.............................................................","-100","Not Applicable","Not Applicable","Not Applicable","01/01/2025 00:00:00","Click","1","Active","1","Package","False","deeplinks","k-bv_g-MTk3MDAzMDk5My4xNzM2MDk2NDA3_t-gp","Hybrid-pu","kan_235046_561434",""
"lPHVHX4PK6PjRti98WOxvA","12/30/2024 00:00:00","03/04/2025 00:00:00","03/06/2025 00:00:00","","","","","0.26058","0.182406","EN","Desktop","US","561434","sem/GwECAA==k-rbo_d-d_u-MTczNTU5MDkwMTc1ODQ5OTQ0Nw==_g-Njk3NTkCategory-pu...........................................................","-100","Not Applicable","Not Applicable","Not Applicable","12/01/2024 00:00:00","Click","1","Active","1","Hotel","False","deeplinks","k-rbo_d-d_u-MTczNTU5MDkwMTc1ODQ5OTQ0Nw==_g-Njk3NTk","Category-pu","kan_235046_561434",""
"lQGFkALZJLzBRaS9alq97Q","01/03/2025 00:00:00","01/15/2025 00:00:00","01/19/2025 00:00:00","","","","","0.257929","0.18055","EN","Desktop","US","561434","sem/GwECAA==k-rbo_g-MzYwNzQ1NDM2LjE3MzU5NDM1MDI=_t-gp.........Hybrid-pu.............................................................","-100","Not Applicable","Not Applicable","Not Applicable","01/01/2025 00:00:00","Click","1","Active","1","Hotel","False","deeplinks","k-rbo_g-MzYwNzQ1NDM2LjE3MzU5NDM1MDI=_t-gp","Hybrid-pu","kan_235046_561434",""
"LTtnFipYya_aS$mStR_xHQ","12/30/2024 00:00:00","05/18/2025 00:00:00","05/31/2025 00:00:00","","","","","0","0","EN","Desktop","US","561434","sem/GwECAA==k-rbo_d-d_u-MTczNTU5MTIxOTAxNzAwNjMzMA==_g-MjQ5NTIHybrid-pu.............................................................","5029532","United States","Teton Village","Abode Teton Village Dream House, 1 MI. To Natl. Park Abode At Heartwood Lodge","05/01/2025 00:00:00","Click","1","Active","1","Hotel","False","deeplinks","k-rbo_d-d_u-MTczNTU5MTIxOTAxNzAwNjMzMA==_g-MjQ5NTI","Hybrid-pu","kan_235046_561434",""
"mfI6vQi6Kb04S6g3HNFsvg","12/28/2024 00:00:00","12/29/2024 00:00:00","12/30/2024 00:00:00","","","","","4.33","3.031","EN","Desktop","US","561434","sem/GwECAA==k-rbo_d-d_u-MTczNTQxNTI3Mzg0MjA0ODUyMA==_g-MjAyNzEHybrid-pu.............................................................","35735","United States","Longboat Key","Zota Beach Resort","12/01/2024 00:00:00","Click","1","Active","1","Hotel","False","deeplinks","k-rbo_d-d_u-MTczNTQxNTI3Mzg0MjA0ODUyMA==_g-MjAyNzE","Hybrid-pu","kan_235046_561434",""
"MgfHUMQYT42QRWri2oquHg","01/03/2025 00:00:00","02/04/2025 00:00:00","03/06/2025 00:00:00","","","","","0","0","EN","Desktop","US","561434","sem/GwECAA==k-rbo_g-Yy03NC4xMDkuMTg5LjE2Mi0xNzM1OTIxODU3OTE3LTSubCategory:MonthlyStay-pu............................................","0","","","","01/01/2025 00:00:00","Click","1","Active","1","Hotel","False","deeplinks","k-rbo_g-Yy03NC4xMDkuMTg5LjE2Mi0xNzM1OTIxODU3OTE3LT","SubCategory:MonthlyStay-pu","kan_235046_561434",""
"mhrkFK0wtatESIuAa_fMnw","12/27/2024 00:00:00","12/28/2024 00:00:00","12/29/2024 00:00:00","","","","","1.820907","1.274635","EN","Desktop","US","561434","sem/GwECAA==k-rbo_d-d_u-MTczNTM0Mjg2ODUwNDA0MTIyNA==_g-MTI2NzEHybrid-pu.............................................................","307616","Spain","Marbella","Apartamentos Princesa Playa","12/01/2024 00:00:00","Click","1","Active","1","Hotel","False","deeplinks","k-rbo_d-d_u-MTczNTM0Mjg2ODUwNDA0MTIyNA==_g-MTI2NzE","Hybrid-pu","kan_235046_561434",""
"MmdoCcyZs4DPS7SvaCS04w","12/26/2024 00:00:00","02/19/2025 00:00:00","02/22/2025 00:00:00","","","","","6.01","4.207","EN","Desktop","US","561434","sem/GwECAA==k-vct_d-d_u-MTczNTI1MzcyNTg0MTM3MTkxOA==_g-NDQ5MjAHybrid-pu.............................................................","6017869","United States","New Orleans","One11 Hotel","12/01/2024 00:00:00","Click","1","Active","1","Hotel","False","deeplinks","k-vct_d-d_u-MTczNTI1MzcyNTg0MTM3MTkxOA==_g-NDQ5MjA","Hybrid-pu","kan_235046_561434",""
"MQgg7aJklKKLQPQ2nDeZlw","01/02/2025 00:00:00","01/03/2025 00:00:00","01/04/2025 00:00:00","","","","","4.18","2.926","EN","Desktop","US","561434","sem/GwECAA==k-bv_g-MTA0NTU4NDQxNy4xNzM1ODM1NjI5_t-gp..........Hybrid-pu.............................................................","67099","U.S. Virgin Islands","Saint Thomas Island","Emerald Beach Resort","01/01/2025 00:00:00","Click","1","Active","1","Hotel","False","deeplinks","k-bv_g-MTA0NTU4NDQxNy4xNzM1ODM1NjI5_t-gp","Hybrid-pu","kan_235046_561434",""
"mz$f1rm5iIIjTfCusCovZg","01/01/2025 00:00:00","01/02/2025 00:00:00","01/03/2025 00:00:00","","","","","6.01","4.207","EN","Desktop","US","561434","sem/GwECAA==k-fvr_g-NjI3NjQ3OTUwLjE3MzI5Nzg0NTQ=_t-dd.........Category-pu...........................................................","2222365","United Kingdom","London","Montcalm East, Autograph Collection","01/01/2025 00:00:00","Click","1","Active","1","Hotel","False","deeplinks","k-fvr_g-NjI3NjQ3OTUwLjE3MzI5Nzg0NTQ=_t-dd","Category-pu","kan_235046_561434",""
"nAbePB663IwURWBsAqBMrw","12/27/2024 00:00:00","12/28/2024 00:00:00","12/29/2024 00:00:00","","","","","4.11","2.877","EN","Desktop","US","561434","sem/GwECAA==k-rbo_d-d_u-MTczNTMxMjIwMjA0ODAwODI0MQ==_g-MTMyODQHybrid-pu.............................................................","2785265","United States","New Smyrna Beach","SpringHill Suites by Marriott New Smyrna Beach","12/01/2024 00:00:00","Click","1","Active","1","Hotel","False","deeplinks","k-rbo_d-d_u-MTczNTMxMjIwMjA0ODAwODI0MQ==_g-MTMyODQ","Hybrid-pu","kan_235046_561434",""
"NaPbcPN$nLTnTZvBWj69kA","01/05/2025 00:00:00","04/06/2025 00:00:00","04/27/2025 00:00:00","","","","","1.8","1.26","EN","Desktop","US","561434","sem/GwECAA==k-rbo_g-MTY5MjEwNjg5OC4xNzM2MDg1MTk1_t-bo.........SubCategory:MonthlyStay-pu............................................","4590797","Colombia","Cartagena","Hotel Luz de Oriente","01/01/2025 00:00:00","Click","1","Active","1","Hotel","False","deeplinks","k-rbo_g-MTY5MjEwNjg5OC4xNzM2MDg1MTk1_t-bo","SubCategory:MonthlyStay-pu","kan_235046_561434",""
"nbejteNTuZQ6SHa9W4tDxw","12/29/2024 00:00:00","02/24/2025 00:00:00","03/08/2025 00:00:00","","","","","6.01","4.207","EN","Desktop","US","561434","sem/GwECAA==k-rbo_d-d_u-MTczNTUwMjcxODcxMzExMjI4NA==_g-MTEzODgHybrid-pu.............................................................","102453","United States","Chapel Hill","Residence Inn by Marriott Chapel Hill","12/01/2024 00:00:00","Click","1","Active","1","Hotel","False","deeplinks","k-rbo_d-d_u-MTczNTUwMjcxODcxMzExMjI4NA==_g-MTEzODg","Hybrid-pu","kan_235046_561434",""
"NBvSAROZnrLSR427XT9oYw","01/04/2025 00:00:00","01/05/2025 00:00:00","01/06/2025 00:00:00","","","","","0.02","0.014","EN","Desktop","US","561434","sem/GwECAA==k-bv_g-MjI5OTYyMDI4LjE3MzYwMzM1NTk=_t-gp..........Hybrid-pu.............................................................","31417","United States","Las Vegas","Desert Rose Resort","01/01/2025 00:00:00","Click","1","Active","1","Hotel","False","deeplinks","k-bv_g-MjI5OTYyMDI4LjE3MzYwMzM1NTk=_t-gp","Hybrid-pu","kan_235046_561434",""
"NhYhcrIuLZASSL__4bUEEg","01/04/2025 00:00:00","01/19/2025 00:00:00","01/20/2025 00:00:00","","","","","3.610927","2.527649","EN","Desktop","US","561434","sem/GwECAA==k-vct_g-MTYwOTAxMDM1MS4xNzM1OTY1OTA0_t-gp.........Hybrid-pu.............................................................","1070385139","United States","Wailea","Beautiful Palms At Wailea Condo-Fully Air-Conditioned, New Flooring thru-out","01/01/2025 00:00:00","Click","1","Active","1","Hotel","False","deeplinks","k-vct_g-MTYwOTAxMDM1MS4xNzM1OTY1OTA0_t-gp","Hybrid-pu","kan_235046_561434",""
"NuE1s_XSY7VIToM58QoNqg","12/30/2024 00:00:00","12/31/2024 00:00:00","01/01/2025 00:00:00","","","","","6.01","4.207","EN","Desktop","US","561434","sem/GwECAA==k-rbo_d-d_u-MTczNTU1MjU4MzczMDk5NTQ4MA==_g-MTE5MTIHybrid-pu.............................................................","104026","United States","Boston","The Westin Boston Seaport District","12/01/2024 00:00:00","Click","1","Active","1","Hotel","False","deeplinks","k-rbo_d-d_u-MTczNTU1MjU4MzczMDk5NTQ4MA==_g-MTE5MTI","Hybrid-pu","kan_235046_561434",""
"Nv8CkbHUt6huTBMwdLL0Aw","01/03/2025 00:00:00","02/27/2025 00:00:00","03/02/2025 00:00:00","","","","","0.257929","0.18055","EN","Desktop","US","561434","sem/GwECAA==k-rbo_g-MTkxNzc0MDc0NS4xNzM1OTQ4Mzcz_t-gp.........Hybrid-pu.............................................................","-100","Not Applicable","Not Applicable","Not Applicable","01/01/2025 00:00:00","Click","1","Active","1","Hotel","False","deeplinks","k-rbo_g-MTkxNzc0MDc0NS4xNzM1OTQ4Mzcz_t-gp","Hybrid-pu","kan_235046_561434",""
"og5hBSVLkYaTS2g0fVTa3w","12/30/2024 00:00:00","12/31/2024 00:00:00","01/01/2025 00:00:00","","","","","0","0","EN","Desktop","US","561434","sem/GwECAA==k-rbo_d-d_u-MTczNTYwNTQ4MzM3OTI1NDcyOA==_g-MTI2NzUCategory-pu...........................................................","1070464590","United States","Marco Island","Beautiful yacht living on the water, close to beach and bars & restaurants !","01/01/2025 00:00:00","Click","1","Active","1","Hotel","False","deeplinks","k-rbo_d-d_u-MTczNTYwNTQ4MzM3OTI1NDcyOA==_g-MTI2NzU","Category-pu","kan_235046_561434",""
"OPOB5Y_CB6TaSanAxuv81w","12/30/2024 00:00:00","12/31/2024 00:00:00","01/01/2025 00:00:00","","","","","6.01","4.207","EN","Desktop","US","561434","sem/GwECAA==k-bv_d-d_u-MTczNTYwNTkwNDExNDk3NTA4Nw==_g-MTU3OTUxHybrid-pu.............................................................","1070399245","United States","Princeville","The Westin Princeville Ocean Resort Villas","12/01/2024 00:00:00","Click","1","Active","1","Hotel","False","deeplinks","k-bv_d-d_u-MTczNTYwNTkwNDExNDk3NTA4Nw==_g-MTU3OTUx","Hybrid-pu","kan_235046_561434",""
"OWM8jgN44ZjGROj7VsBhTg","12/30/2024 00:00:00","12/31/2024 00:00:00","01/01/2025 00:00:00","","","","","6.01","4.207","EN","Desktop","US","561434","sem/GwECAA==k-rbo_d-d_u-MTczNTU4MTU4NzIyMzgxMjUxNA==_g-MTU4MDESubCategory:LuxuryRental-pu...........................................","367234","United States","Hanover","Six South St. Hotel","12/01/2024 00:00:00","Click","1","Active","1","Hotel","False","deeplinks","k-rbo_d-d_u-MTczNTU4MTU4NzIyMzgxMjUxNA==_g-MTU4MDE","SubCategory:LuxuryRental-pu","kan_235046_561434",""
"P1fzTZPBzJouQVOsrSLP_A","01/05/2025 00:00:00","08/09/2025 00:00:00","08/16/2025 00:00:00","","","","","0.88","0.616","EN","Desktop","US","561434","sem/GwECAA==k-bv_g-MTk3MDAzMDk5My4xNzM2MDk2NDA3_t-gp..........Hybrid-pu.............................................................","9092295","Aruba","Oranjestad","O Condominium Beachfront Residences, by Bocobay Aruba","01/01/2025 00:00:00","Click","1","Active","1","Package","False","deeplinks","k-bv_g-MTk3MDAzMDk5My4xNzM2MDk2NDA3_t-gp","Hybrid-pu","kan_235046_561434",""
"p8Dub74N5JfYSiD2Mcu0Vw","12/31/2024 00:00:00","02/08/2025 00:00:00","02/10/2025 00:00:00","","","","","2.11","1.477","EN","Desktop","US","561434","sem/GwECAA==k-cbn_g-ODk4NTQ0NDI4LjE3MzU3MDE3ODk=_t-gp.........Hybrid-pu.............................................................","39724","United States","Key West","Silver Palms Inn","12/01/2024 00:00:00","Click","1","Active","1","Hotel","False","deeplinks","k-cbn_g-ODk4NTQ0NDI4LjE3MzU3MDE3ODk=_t-gp","Hybrid-pu","kan_235046_561434",""
"Pb2pgmnu2JACSw2U04HQGg","12/30/2024 00:00:00","02/22/2025 00:00:00","03/01/2025 00:00:00","","","","","0.47","0.329","EN","Desktop","US","561434","sem/GwECAA==k-rbo_d-d_u-MTczNTU2OTYxMjEyMzQyMDI4MA==_g-MTYzNTcHybrid-pu.............................................................","-100","Not Applicable","Not Applicable","Not Applicable","12/01/2024 00:00:00","Click","1","Active","1","Car","False","deeplinks","k-rbo_d-d_u-MTczNTU2OTYxMjEyMzQyMDI4MA==_g-MTYzNTc","Hybrid-pu","kan_235046_561434",""
"pGL$3ByZHqBmTazDQgnXqw","12/29/2024 00:00:00","02/04/2025 00:00:00","02/07/2025 00:00:00","","","","","6.01","4.207","EN","Desktop","US","561434","sem/GwECAA==k-rbo_d-d_u-MTczNTQ5NTcxMzY4OTU0NDA0NA==_g-Yy03Ni4Hybrid-pu.............................................................","179038","United States","Jacksonville","Courtyard by Marriott Jacksonville Flagler Center","12/01/2024 00:00:00","Click","1","Active","1","Hotel","False","deeplinks","k-rbo_d-d_u-MTczNTQ5NTcxMzY4OTU0NDA0NA==_g-Yy03Ni4","Hybrid-pu","kan_235046_561434",""
"PlQwxL1k2oQXRwmJZBAFAA","01/03/2025 00:00:00","03/01/2025 00:00:00","03/05/2025 00:00:00","","","","","0.78","0.546","EN","Desktop","US","561434","sem/GwECAA==k-orai_g-MTEwMjQzMjczLjE3MzU5NTgwNTE=_t-gp........Hybrid-pu.............................................................","39334","United States","Kailua-Kona","Royal Sea Cliff Kona by Outrigger","01/01/2025 00:00:00","Click","1","Active","1","Hotel","False","deeplinks","k-orai_g-MTEwMjQzMjczLjE3MzU5NTgwNTE=_t-gp","Hybrid-pu","kan_235046_561434",""
"pMsF8U$ZCJ$tQLj$dGo8Zg","12/31/2024 00:00:00","01/01/2025 00:00:00","01/02/2025 00:00:00","","","","","3.614207","2.529945","EN","Desktop","US","561434","sem/GwECAA==k-rbo_d-d_u-MTczNTYzNTk2MDUwOTQ5MjY2MQ==_g-NjQ2NTESubCategory:ShortTermStay-pu..........................................","8770","Israel","Jerusalem","Dan Panorama Jerusalem","12/01/2024 00:00:00","Click","1","Active","1","Hotel","False","deeplinks","k-rbo_d-d_u-MTczNTYzNTk2MDUwOTQ5MjY2MQ==_g-NjQ2NTE","SubCategory:ShortTermStay-pu","kan_235046_561434",""
"puKySoYbK5cdRDgMAb9Nxw","12/31/2024 00:00:00","01/10/2025 00:00:00","01/24/2025 00:00:00","","","","","0","0","EN","Desktop","US","561434","sem/GwECAA==k-rbo_g-ODMyMzQ4ODAxLjE3MzU2NzI2MTA=_t-gp.........Hybrid-pu.............................................................","6514302","United States","Sheboygan","The River Bed - Condo sleeps 4 on west side","01/01/2025 00:00:00","Click","1","Active","1","Hotel","False","deeplinks","k-rbo_g-ODMyMzQ4ODAxLjE3MzU2NzI2MTA=_t-gp","Hybrid-pu","kan_235046_561434",""
"pUMZHhKTKpQcTuY6Hgf_iA","12/27/2024 00:00:00","01/10/2025 00:00:00","01/12/2025 00:00:00","","","","","6.01","4.207","EN","Desktop","US","561434","sem/GwECAA==k-rbo_d-d_u-MTczNTMzODYyMzA3ODg3NzMyMw==_g-Yy0xMDQHybrid-pu.............................................................","42459","United States","Mammoth Lakes","Mammoth Mountain Inn","12/01/2024 00:00:00","Click","1","Active","1","Hotel","False","deeplinks","k-rbo_d-d_u-MTczNTMzODYyMzA3ODg3NzMyMw==_g-Yy0xMDQ","Hybrid-pu","kan_235046_561434",""
"Pv33c7Di1ZP$QqoYB_gGaA","01/04/2025 00:00:00","01/05/2025 00:00:00","01/06/2025 00:00:00","","","","","3.610927","2.527649","EN","Desktop","US","561434","sem/GwECAA==k-rbo_g-NjgxODk1NDMyLjE3MzYwMzc4MzY=_t-oo.........Hybrid-pu.............................................................","6985575","United States","Vail","Relaxing 2 Bedroom, Steps From Vail Resort!","01/01/2025 00:00:00","Click","1","Active","1","Hotel","False","deeplinks","k-rbo_g-NjgxODk1NDMyLjE3MzYwMzc4MzY=_t-oo","Hybrid-pu","kan_235046_561434",""
"PxHjEC2E8ZzbTISU2H5LKA","01/04/2025 00:00:00","04/02/2025 00:00:00","04/06/2025 00:00:00","","","","","5.5","3.85","EN","Desktop","US","561434","sem/GwECAA==k-rbo_g-MjYzMDM0MjguMTczNjAzMzc3Ng==_t-gp.........Hybrid-pu.............................................................","187019","United States","Princeville","Club Wyndham Bali Hai Villas","01/01/2025 00:00:00","Click","1","Active","1","Hotel","False","deeplinks","k-rbo_g-MjYzMDM0MjguMTczNjAzMzc3Ng==_t-gp","Hybrid-pu","kan_235046_561434",""
"Q4S6DK8OdqGHSacM2tUK3g","12/29/2024 00:00:00","12/30/2024 00:00:00","12/31/2024 00:00:00","","","","","1","0.7","EN","Desktop","US","561434","sem/GwECAA==k-rbo_d-d_u-MTczNTQ4MTMxMjExNTUwODEwNQ==_g-MTA2ODESubCategory:MonthlyStay-pu............................................","-100","Not Applicable","Not Applicable","Not Applicable","12/01/2024 00:00:00","Click","1","Active","1","Hotel","False","deeplinks","k-rbo_d-d_u-MTczNTQ4MTMxMjExNTUwODEwNQ==_g-MTA2ODE","SubCategory:MonthlyStay-pu","kan_235046_561434",""
"qA0Bb_vyOY9iQ6Ul3x4zwg","01/01/2025 00:00:00","04/02/2025 00:00:00","04/06/2025 00:00:00","","","","","0.259659","0.181761","EN","Desktop","US","561434","sem/GwECAA==k-rbo_g-MzgwNzkzNzQzLjE3MzU2MDgxODg=_t-oo.........Category-pu...........................................................","-100","Not Applicable","Not Applicable","Not Applicable","01/01/2025 00:00:00","Click","1","Active","1","Hotel","False","deeplinks","k-rbo_g-MzgwNzkzNzQzLjE3MzU2MDgxODg=_t-oo","Category-pu","kan_235046_561434",""
"QnWOjxHW16QPRrmVVoDl8g","01/05/2025 00:00:00","04/15/2025 00:00:00","04/19/2025 00:00:00","","","","","0.257706","0.180394","EN","Desktop","US","561434","sem/GwECAA==k-rbo_g-ODUzNjMzOTY1LjE3MzYxMDYxOTU=_t-oo.........SubCategory:VacationRental-pu.........................................","-100","Not Applicable","Not Applicable","Not Applicable","01/01/2025 00:00:00","Click","1","Active","1","Hotel","False","deeplinks","k-rbo_g-ODUzNjMzOTY1LjE3MzYxMDYxOTU=_t-oo","SubCategory:VacationRental-pu","kan_235046_561434",""
"qSpi6t3Qfb_eRY6QOgTIbQ","01/02/2025 00:00:00","01/03/2025 00:00:00","01/04/2025 00:00:00","","","","","1.8","1.26","EN","Desktop","US","561434","sem/GwECAA==k-rbo_g-NjIxOTMxOTA4LjE3MzU4NTI0Mjg=_t-go.........Hybrid-pu.............................................................","11787","Canada","Whistler","The Westin Resort & Spa, Whistler","01/01/2025 00:00:00","Click","1","Active","1","Hotel","False","deeplinks","k-rbo_g-NjIxOTMxOTA4LjE3MzU4NTI0Mjg=_t-go","Hybrid-pu","kan_235046_561434",""
"rAiHCMGIVor7SpnoceIs2Q","12/30/2024 00:00:00","06/14/2025 00:00:00","06/21/2025 00:00:00","","","","","0.1","0.07","EN","Desktop","US","561434","sem/GwECAA==k-fvr_d-d_u-MTczNTU4MzkzMTEwNzUzMzAxNA==_g-MTg3NTYHybrid-pu.............................................................","-100","Not Applicable","Not Applicable","Not Applicable","12/01/2024 00:00:00","Click","1","Active","1","Flight","False","deeplinks","k-fvr_d-d_u-MTczNTU4MzkzMTEwNzUzMzAxNA==_g-MTg3NTY","Hybrid-pu","kan_235046_561434",""
"RdiO2q2yBq_XSef1VRzJPA","01/03/2025 00:00:00","06/21/2025 00:00:00","06/28/2025 00:00:00","","","","","0.257929","0.18055","EN","Desktop","US","561434","sem/GwECAA==k-fvr_g-MTU2ODYxNTczNi4xNzM1OTIyODk0_t-gp.........Hybrid-pu.............................................................","-100","Not Applicable","Not Applicable","Not Applicable","01/01/2025 00:00:00","Click","1","Active","1","Hotel","False","deeplinks","k-fvr_g-MTU2ODYxNTczNi4xNzM1OTIyODk0_t-gp","Hybrid-pu","kan_235046_561434",""
"RjSpVrroQpwPQ13MW2wB0g","01/05/2025 00:00:00","03/06/2025 00:00:00","03/09/2025 00:00:00","","","","","6.01","4.207","EN","Desktop","US","561434","sem/GwECAA==k-rbo_g-ODYyMjI2MjkzLjE3MzU2NjczNzg=_t-gp.........Hybrid-pu.............................................................","71350","The Bahamas","Nassau","The Royal at Atlantis","01/01/2025 00:00:00","Click","1","Active","1","Hotel","False","deeplinks","k-rbo_g-ODYyMjI2MjkzLjE3MzU2NjczNzg=_t-gp","Hybrid-pu","kan_235046_561434",""
"rsLuEZYGK5pCS5ymkDyp_Q","12/28/2024 00:00:00","12/29/2024 00:00:00","12/30/2024 00:00:00","","","","","6.01","4.207","EN","Desktop","US","561434","sem/GwECAA==k-rbo_d-d_u-MTczNTQxNTI3Mzg0MjA0ODUyMA==_g-MjAyNzEHybrid-pu.............................................................","3344253","United States","Sarasota","Carlisle Inn","12/01/2024 00:00:00","Click","1","Active","1","Hotel","False","deeplinks","k-rbo_d-d_u-MTczNTQxNTI3Mzg0MjA0ODUyMA==_g-MjAyNzE","Hybrid-pu","kan_235046_561434",""
"rtlyo7se_YciQZm9uto8NA","12/26/2024 00:00:00","12/27/2024 00:00:00","12/28/2024 00:00:00","","","","","1.974559","1.382191","EN","Desktop","CA","561434","sem/GwECAA==k-rbo_d-d_u-MTczNTI1MzIwODIwMjU2Nzc1OQ==_g-MjAxMTcSubCategory:MonthlyStay-pu............................................","0","","","","12/01/2024 00:00:00","Click","1","Active","1","Hotel","False","deeplinks","k-rbo_d-d_u-MTczNTI1MzIwODIwMjU2Nzc1OQ==_g-MjAxMTc","SubCategory:MonthlyStay-pu","kan_235046_561434",""
"Rz0QMJb72ofYTIqFBpU6nQ","01/05/2025 00:00:00","01/11/2025 00:00:00","01/12/2025 00:00:00","","","","","2.4","1.68","EN","Desktop","US","561434","sem/GwECAA==k-fvr_g-MTQ3ODk4NDkxLjE3MzYwNTU4MjM=_t-go.........Hybrid-pu.............................................................","661945","Malaysia","Sibu","The Orchid Hotel","01/01/2025 00:00:00","Click","1","Active","1","Hotel","False","deeplinks","k-fvr_g-MTQ3ODk4NDkxLjE3MzYwNTU4MjM=_t-go","Hybrid-pu","kan_235046_561434",""
"ScZSc4MTxbXaQMQxmVLy6w","01/05/2025 00:00:00","08/09/2025 00:00:00","08/16/2025 00:00:00","","","","","0.88","0.616","EN","Desktop","US","561434","sem/GwECAA==k-bv_g-MTk3MDAzMDk5My4xNzM2MDk2NDA3_t-gp..........Hybrid-pu.............................................................","9092295","Aruba","Oranjestad","O Condominium Beachfront Residences, by Bocobay Aruba","01/01/2025 00:00:00","Click","1","Active","1","Package","False","deeplinks","k-bv_g-MTk3MDAzMDk5My4xNzM2MDk2NDA3_t-gp","Hybrid-pu","kan_235046_561434",""
"smA7RN6G86xBRIsGuKE9vQ","12/26/2024 00:00:00","12/27/2024 00:00:00","12/28/2024 00:00:00","","","","","0.415697","0.290988","EN","Desktop","US","561434","sem/GwECAA==k-rbo_d-d_u-MTczNTI1OTcxODY5ODcwNDM2MQ==_g-MTk0MDYSubCategory:MonthlyStay-pu............................................","-100","Not Applicable","Not Applicable","Not Applicable","12/01/2024 00:00:00","Click","1","Active","1","Hotel","False","deeplinks","k-rbo_d-d_u-MTczNTI1OTcxODY5ODcwNDM2MQ==_g-MTk0MDY","SubCategory:MonthlyStay-pu","kan_235046_561434",""
"SsazrOMylrdRTAQc6icYew","12/29/2024 00:00:00","01/03/2025 00:00:00","01/05/2025 00:00:00","","","","","6.01","4.207","EN","Desktop","US","561434","sem/GwECAA==k-rbo_d-d_u-MTczNTUxNTUyNTk5NTI4NTY2NQ==_g-OTA1MTgHybrid-pu.............................................................","87370","United States","Orange Beach","Island House Hotel Orange Beach - a DoubleTree by Hilton","12/01/2024 00:00:00","Click","1","Active","1","Hotel","False","deeplinks","k-rbo_d-d_u-MTczNTUxNTUyNTk5NTI4NTY2NQ==_g-OTA1MTg","Hybrid-pu","kan_235046_561434",""
"SwpXsWZ9dratQSGb0YCakA","12/26/2024 00:00:00","06/14/2025 00:00:00","06/28/2025 00:00:00","","","","","2.8787","2.01509","EN","Desktop","US","561434","sem/GwECAA==k-rbo_d-d_u-MTczNTI0MTM4Njc2ODEyNDQyNg==_g-MjEzMTQHybrid-pu.............................................................","8455920","Caribbean Netherlands","Kralendijk","Villa Olivia Poolside","12/01/2024 00:00:00","Click","1","Active","1","Hotel","False","deeplinks","k-rbo_d-d_u-MTczNTI0MTM4Njc2ODEyNDQyNg==_g-MjEzMTQ","Hybrid-pu","kan_235046_561434","1"
"Szhdz71zTaTxR4iz2LZKWQ","12/31/2024 00:00:00","03/16/2025 00:00:00","03/23/2025 00:00:00","","","","","0.48","0.336","EN","Desktop","US","561434","sem/GwECAA==k-bv_g-MTUxMTAwNjY5OC4xNzM1Njc0ODIz_t-gp..........Hybrid-pu.............................................................","-100","Not Applicable","Not Applicable","Not Applicable","12/01/2024 00:00:00","Click","1","Active","1","Flight","False","deeplinks","k-bv_g-MTUxMTAwNjY5OC4xNzM1Njc0ODIz_t-gp","Hybrid-pu","kan_235046_561434",""
"t$M3xuJ0Br3DSmUqDcI_ag","01/04/2025 00:00:00","01/05/2025 00:00:00","01/06/2025 00:00:00","","","","","2.036933","1.425853","EN","Desktop","US","561434","sem/GwECAA==k-rbo_g-Yy05OC4yMTYuMy4yMTktMTczNjAyMzQ3MjE1NC05..SubCategory:MonthlyStay-pu............................................","3998931","United States","Kenner","Pao and Pui","01/01/2025 00:00:00","Click","1","Active","1","Hotel","False","deeplinks","k-rbo_g-Yy05OC4yMTYuMy4yMTktMTczNjAyMzQ3MjE1NC05","SubCategory:MonthlyStay-pu","kan_235046_561434",""
"tJCfzWHDAJPuRlO6RtkS9g","01/05/2025 00:00:00","01/06/2025 00:00:00","01/07/2025 00:00:00","","","","","1.803939","1.262757","EN","Desktop","US","561434","sem/GwECAA==k-rbo_g-Yy05OC4xMy4yMTQuMjQ1LTE3MzYxMDYwNzcyMTctOQSubCategory:ShortTermStay-pu..........................................","396734","United Kingdom","Edinburgh","Km Apartments","01/01/2025 00:00:00","Click","1","Active","1","Hotel","False","deeplinks","k-rbo_g-Yy05OC4xMy4yMTQuMjQ1LTE3MzYxMDYwNzcyMTctOQ","SubCategory:ShortTermStay-pu","kan_235046_561434",""
"tjGASJzfV6p3TLMcAWqSIQ","12/28/2024 00:00:00","12/29/2024 00:00:00","12/30/2024 00:00:00","","","","","4.33","3.031","EN","Desktop","US","561434","sem/GwECAA==k-rbo_d-d_u-MTczNTQxNTI3Mzg0MjA0ODUyMA==_g-MjAyNzEHybrid-pu.............................................................","35735","United States","Longboat Key","Zota Beach Resort","12/01/2024 00:00:00","Click","1","Active","1","Hotel","False","deeplinks","k-rbo_d-d_u-MTczNTQxNTI3Mzg0MjA0ODUyMA==_g-MjAyNzE","Hybrid-pu","kan_235046_561434",""
"TuSAMUCB64rBSzHOfM$7mA","01/03/2025 00:00:00","01/03/2025 00:00:00","01/05/2025 00:00:00","","","","","0.257929","0.18055","EN","Desktop","US","561434","sem/GwECAA==k-rbo_g-ODI0NTE1NDM0LjE3MzU5NTI1MDQ=_t-gp.........Hybrid-pu.............................................................","-100","Not Applicable","Not Applicable","Not Applicable","01/01/2025 00:00:00","Click","1","Active","1","Hotel","False","deeplinks","k-rbo_g-ODI0NTE1NDM0LjE3MzU5NTI1MDQ=_t-gp","Hybrid-pu","kan_235046_561434",""
"TVEpGaLx8KFjRe29tKqbKg","12/27/2024 00:00:00","04/18/2025 00:00:00","04/26/2025 00:00:00","","","","","0.26013","0.182091","EN","Desktop","US","561434","sem/GwECAA==k-rbo_d-d_u-MTczNTMyNjI1MTA5ODY4NTMwNw==_g-ODE4NDICategory-pu...........................................................","-100","Not Applicable","Not Applicable","Not Applicable","12/01/2024 00:00:00","Click","1","Active","1","Hotel","False","deeplinks","k-rbo_d-d_u-MTczNTMyNjI1MTA5ODY4NTMwNw==_g-ODE4NDI","Category-pu","kan_235046_561434",""
"twDv$yJVSZqDQcg1tnjsHA","01/03/2025 00:00:00","01/04/2025 00:00:00","01/05/2025 00:00:00","","","","","1.805501","1.263851","EN","Desktop","US","561434","sem/GwECAA==k-rbo_g-MTE0MTg3OTAzNy4xNzM1OTM1NjA4_t-oo.........SubCategory:PetFriendly-pu............................................","7746973","United States","Newland","Blue Ridge Bungalow","01/01/2025 00:00:00","Click","1","Active","1","Hotel","False","deeplinks","k-rbo_g-MTE0MTg3OTAzNy4xNzM1OTM1NjA4_t-oo","SubCategory:PetFriendly-pu","kan_235046_561434",""
"tXx_35MPprBzRosDg$Gz1A","01/03/2025 00:00:00","03/01/2025 00:00:00","03/31/2025 00:00:00","","","","","0.46","0.322","EN","Desktop","US","561434","sem/GwECAA==k-rbo_g-MTY5NDM0MTkzNi4xNzM1OTUzNTE2_t-bo.........Hybrid-pu.............................................................","-100","Not Applicable","Not Applicable","Not Applicable","01/01/2025 00:00:00","Click","1","Active","1","Car","False","deeplinks","k-rbo_g-MTY5NDM0MTkzNi4xNzM1OTUzNTE2_t-bo","Hybrid-pu","kan_235046_561434",""
"UA3CNGiCHbQgTy0fYCrt5w","12/29/2024 00:00:00","12/30/2024 00:00:00","12/31/2024 00:00:00","","","","","6.01","4.207","EN","Desktop","US","561434","sem/GwECAA==k-bv_d-d_u-MTczNTUwMjc4MTU4OTE5NzMzNA==_g-MjAwOTc3Hybrid-pu.............................................................","3926977","United States","Snowmass Village","Limelight Hotel Snowmass","12/01/2024 00:00:00","Click","1","Active","1","Hotel","False","deeplinks","k-bv_d-d_u-MTczNTUwMjc4MTU4OTE5NzMzNA==_g-MjAwOTc3","Hybrid-pu","kan_235046_561434",""
"uhAkXnOJXLzKSC$7vCTNcQ","01/01/2025 00:00:00","01/11/2025 00:00:00","03/12/2025 00:00:00","","","","","2.43","1.701","EN","Desktop","US","561434","sem/GwECAA==k-rbo_g-MTk2MzQ1NDI2My4xNzM1NzkyMzIy_t-bo.........SubCategory:MonthlyStay-pu............................................","2708764","United States","Arlington","Hilton Garden Inn Dallas/Arlington South","01/01/2025 00:00:00","Click","1","Active","1","Hotel","False","deeplinks","k-rbo_g-MTk2MzQ1NDI2My4xNzM1NzkyMzIy_t-bo","SubCategory:MonthlyStay-pu","kan_235046_561434",""
"uTBAuWmxDZHzTIE5hQ_pjA","01/02/2025 00:00:00","02/21/2025 00:00:00","03/01/2025 00:00:00","","","","","6.01","4.207","EN","Desktop","US","561434","sem/GwECAA==k-rbo_g-Mjg0NTg4NjIyLjE3MzU4NDQ4MDA=_t-bo.........Hybrid-pu.............................................................","0","","","","01/01/2025 00:00:00","Click","1","Active","1","Hotel","False","deeplinks","k-rbo_g-Mjg0NTg4NjIyLjE3MzU4NDQ4MDA=_t-bo","Hybrid-pu","kan_235046_561434",""
"uXFaTp7ybaySTkre3ACbkw","12/28/2024 00:00:00","12/29/2024 00:00:00","12/30/2024 00:00:00","","","","","3.5","2.45","EN","Desktop","US","561434","sem/GwECAA==k-rbo_d-d_u-MTczNTQxNTI3Mzg0MjA0ODUyMA==_g-MjAyNzEHybrid-pu.............................................................","-100","Not Applicable","Not Applicable","Not Applicable","12/01/2024 00:00:00","Click","1","Active","1","Hotel","False","deeplinks","k-rbo_d-d_u-MTczNTQxNTI3Mzg0MjA0ODUyMA==_g-MjAyNzE","Hybrid-pu","kan_235046_561434",""
"V13b8iiobb1pQjy95gIcsw","12/28/2024 00:00:00","07/06/2025 00:00:00","07/10/2025 00:00:00","","","","","0.260495","0.182346","EN","Desktop","US","561434","sem/GwECAA==k-rbo_d-d_u-MTczNTQzMDI2NTA5MzA4Nzk4MQ==_g-MTMxMzICategory-pu...........................................................","-100","Not Applicable","Not Applicable","Not Applicable","12/01/2024 00:00:00","Click","1","Active","1","Hotel","False","deeplinks","k-rbo_d-d_u-MTczNTQzMDI2NTA5MzA4Nzk4MQ==_g-MTMxMzI","Category-pu","kan_235046_561434",""
"v8OWIaC$oL5WTPWgpfqEbw","12/26/2024 00:00:00","12/27/2024 00:00:00","12/28/2024 00:00:00","","","","","2.47","1.729","EN","Desktop","US","561434","sem/GwECAA==k-rbo_d-d_u-MTczNTI0MTc1ODM1ODk0ODIxMw==_g-OTk3NDAHybrid-pu.............................................................","87370","United States","Orange Beach","Island House Hotel Orange Beach - a DoubleTree by Hilton","12/01/2024 00:00:00","Click","1","Active","1","Hotel","False","deeplinks","k-rbo_d-d_u-MTczNTI0MTc1ODM1ODk0ODIxMw==_g-OTk3NDA","Hybrid-pu","kan_235046_561434",""
"VbOjvxnMVJ0lRMcadfFR0g","01/05/2025 00:00:00","08/09/2025 00:00:00","08/16/2025 00:00:00","","","","","1.1","0.77","EN","Desktop","US","561434","sem/GwECAA==k-bv_g-MTk3MDAzMDk5My4xNzM2MDk2NDA3_t-gp..........Hybrid-pu.............................................................","8971923","Aruba","Noord","Embassy Suites by Hilton Aruba Resort","01/01/2025 00:00:00","Click","1","Active","1","Package","False","deeplinks","k-bv_g-MTk3MDAzMDk5My4xNzM2MDk2NDA3_t-gp","Hybrid-pu","kan_235046_561434",""
"VfsYGIUynITxTXz6ZKd1zQ","12/27/2024 00:00:00","02/27/2025 00:00:00","03/02/2025 00:00:00","","","","","3.652218","2.556553","EN","Desktop","US","561434","sem/GwECAA==k-rbo_d-d_u-MTczNTI4MTgwMjAwMjk0MDYzMQ==_g-MTAyOTACategory-pu...........................................................","99582","United States","Mammoth Lakes","Snowcreek Resort","12/01/2024 00:00:00","Click","1","Active","1","Hotel","False","deeplinks","k-rbo_d-d_u-MTczNTI4MTgwMjAwMjk0MDYzMQ==_g-MTAyOTA","Category-pu","kan_235046_561434",""
"vH6jKa1NgZ7nQQihS7XGvw","01/02/2025 00:00:00","02/19/2025 00:00:00","02/22/2025 00:00:00","","","","","2.94","2.058","EN","Desktop","US","561434","sem/GwECAA==k-bv_g-MTI0MDQyNDU1OS4xNzM1ODUwNzc1_t-gp..........Hybrid-pu.............................................................","0","","","","01/01/2025 00:00:00","Click","1","Active","1","Hotel","False","deeplinks","k-bv_g-MTI0MDQyNDU1OS4xNzM1ODUwNzc1_t-gp","Hybrid-pu","kan_235046_561434",""
"VjsD2WtaepY9Q$1G4I2$cg","01/05/2025 00:00:00","08/09/2025 00:00:00","08/16/2025 00:00:00","","","","","0.88","0.616","EN","Desktop","US","561434","sem/GwECAA==k-bv_g-MTk3MDAzMDk5My4xNzM2MDk2NDA3_t-gp..........Hybrid-pu.............................................................","9092295","Aruba","Oranjestad","O Condominium Beachfront Residences, by Bocobay Aruba","01/01/2025 00:00:00","Click","1","Active","1","Package","False","deeplinks","k-bv_g-MTk3MDAzMDk5My4xNzM2MDk2NDA3_t-gp","Hybrid-pu","kan_235046_561434",""
"vmMWOpf$MoGsRlESlXQ8eA","01/04/2025 00:00:00","01/24/2025 00:00:00","01/25/2025 00:00:00","","","","","6.01","4.207","EN","Desktop","US","561434","sem/GwECAA==k-rbo_g-MTY2ODM1NTYwNy4xNzM2MDQ5NTAw_t-bo.........Hybrid-pu.............................................................","137378","France","Goussainville","Hotel Bagatelle, Paris Nord Roissy","01/01/2025 00:00:00","Click","1","Active","1","Hotel","False","deeplinks","k-rbo_g-MTY2ODM1NTYwNy4xNzM2MDQ5NTAw_t-bo","Hybrid-pu","kan_235046_561434",""
"vqW1RKUvt5PJQUBXUaP6OA","01/01/2025 00:00:00","01/01/2025 00:00:00","01/31/2025 00:00:00","","","","","2","1.4","EN","Desktop","US","561434","sem/GwECAA==k-rbo_g-Yy02OC40Ni43Ny45My0xNzM1Nzc5MDQ5MjE1LTk=..Category-pu...........................................................","-100","Not Applicable","Not Applicable","Not Applicable","01/01/2025 00:00:00","Click","1","Active","1","Hotel","False","deeplinks","k-rbo_g-Yy02OC40Ni43Ny45My0xNzM1Nzc5MDQ5MjE1LTk=","Category-pu","kan_235046_561434",""
"Vsm_puPK15diRd6PnrZovQ","12/29/2024 00:00:00","12/30/2024 00:00:00","12/31/2024 00:00:00","","","","","5.78","4.046","EN","Desktop","US","561434","sem/GwECAA==k-fvr_d-d_u-MTczNTUxMjIyMzI4MzUyOTQ1MQ==_g-MTMwMzUHybrid-pu.............................................................","34020","United States","Key Largo","Marina Del Mar Resort And Marina","12/01/2024 00:00:00","Click","1","Active","1","Hotel","False","deeplinks","k-fvr_d-d_u-MTczNTUxMjIyMzI4MzUyOTQ1MQ==_g-MTMwMzU","Hybrid-pu","kan_235046_561434",""
"VtcjF1o1dZhOTjZwXnLHXA","12/28/2024 00:00:00","03/11/2025 00:00:00","03/15/2025 00:00:00","","","","","0","0","EN","Desktop","US","561434","sem/GwECAA==k-rbo_d-d_u-MTczNTM5Nzg4OTQ5MTE4NjM3NQ==_g-Yy0xMDgCategory-pu...........................................................","0","","","","03/01/2025 00:00:00","Click","1","Active","1","Hotel","False","deeplinks","k-rbo_d-d_u-MTczNTM5Nzg4OTQ5MTE4NjM3NQ==_g-Yy0xMDg","Category-pu","kan_235046_561434",""
"vTKaDYPGmY1NQhJjECIwkw","01/04/2025 00:00:00","01/05/2025 00:00:00","01/06/2025 00:00:00","","","","","6.01","4.207","EN","Desktop","US","561434","sem/GwECAA==k-rbo_g-MTY1MDY4ODIxNi4xNzM2MDIzNTk3_t-gp.........Hybrid-pu.............................................................","8613062","United States","Cathedral City","Homewood Suites by Hilton Cathedral City Palm Springs","01/01/2025 00:00:00","Click","1","Active","1","Hotel","False","deeplinks","k-rbo_g-MTY1MDY4ODIxNi4xNzM2MDIzNTk3_t-gp","Hybrid-pu","kan_235046_561434",""
"vWeoYYYm27KbTV3R1FSccw","12/30/2024 00:00:00","01/29/2025 00:00:00","02/05/2025 00:00:00","","","","","0.3","0.21","EN","Desktop","US","561434","sem/GwECAA==k-rbo_g-MTU4MzYwMTM0LjE3MzU1NTAzODY=_t-dd.........Category-pu...........................................................","-100","Not Applicable","Not Applicable","Not Applicable","12/01/2024 00:00:00","Click","1","Active","1","Flight","False","deeplinks","k-rbo_g-MTU4MzYwMTM0LjE3MzU1NTAzODY=_t-dd","Category-pu","kan_235046_561434",""
"VYHJuM1VIZEpQumpkMiWjA","12/30/2024 00:00:00","01/29/2025 00:00:00","02/05/2025 00:00:00","","","","","0","0","EN","Desktop","US","561434","sem/GwECAA==k-rbo_g-MTU4MzYwMTM0LjE3MzU1NTAzODY=_t-dd.........Category-pu...........................................................","-100","Not Applicable","Not Applicable","Not Applicable","12/01/2024 00:00:00","Click","1","Active","1","Flight","False","deeplinks","k-rbo_g-MTU4MzYwMTM0LjE3MzU1NTAzODY=_t-dd","Category-pu","kan_235046_561434",""
"W8ES8YwOSq1LRIh$FZARjQ","12/26/2024 00:00:00","12/27/2024 00:00:00","12/28/2024 00:00:00","","","","","1.974559","1.382191","EN","Desktop","CA","561434","sem/GwECAA==k-rbo_d-d_u-MTczNTI1MzIwODIwMjU2Nzc1OQ==_g-MjAxMTcSubCategory:MonthlyStay-pu............................................","0","","","","12/01/2024 00:00:00","Click","1","Active","1","Hotel","False","deeplinks","k-rbo_d-d_u-MTczNTI1MzIwODIwMjU2Nzc1OQ==_g-MjAxMTc","SubCategory:MonthlyStay-pu","kan_235046_561434",""
"weErBr88DpTERCRj1xI0sg","12/30/2024 00:00:00","12/31/2024 00:00:00","01/01/2025 00:00:00","","","","","0","0","EN","Desktop","US","561434","sem/GwECAA==k-rbo_d-d_u-MTczNTU5MDgzNDExNzA3OTY1MQ==_g-MTU1MzgHybrid-pu.............................................................","37301","United States","Isle of Palms","The Palms Oceanfront Hotel","01/01/2025 00:00:00","Click","1","Active","1","Hotel","False","deeplinks","k-rbo_d-d_u-MTczNTU5MDgzNDExNzA3OTY1MQ==_g-MTU1Mzg","Hybrid-pu","kan_235046_561434",""
"WH$LomVSoqIoRte8L27Vww","12/30/2024 00:00:00","02/14/2025 00:00:00","02/17/2025 00:00:00","","","","","0.06","0.042","EN","Desktop","US","561434","sem/GwECAA==k-bv_d-d_u-MTczNTU4Nzc4NDc1NTM4MDUwMg==_g-MTY4MzEyHybrid-pu.............................................................","-100","Not Applicable","Not Applicable","Not Applicable","12/01/2024 00:00:00","Click","1","Active","1","Flight","False","deeplinks","k-bv_d-d_u-MTczNTU4Nzc4NDc1NTM4MDUwMg==_g-MTY4MzEy","Hybrid-pu","kan_235046_561434",""
"WnZFO7GnTrSvTBsuO_QXmg","12/31/2024 00:00:00","01/01/2025 00:00:00","01/02/2025 00:00:00","","","","","5.5","3.85","EN","Desktop","US","561434","sem/GwECAA==k-rbo_d-d_u-MTczNTYyMzE1ODIyMzg1OTAxMw==_g-MTE4MjgHybrid-pu.............................................................","2573034","United States","Lauderdale-by-the-Sea","Plunge Beach Resort","12/01/2024 00:00:00","Click","1","Active","1","Hotel","False","deeplinks","k-rbo_d-d_u-MTczNTYyMzE1ODIyMzg1OTAxMw==_g-MTE4Mjg","Hybrid-pu","kan_235046_561434",""
"WojJ1Jry1IIdQl$upltE_A","12/30/2024 00:00:00","12/31/2024 00:00:00","01/01/2025 00:00:00","","","","","0.833854","0.583698","EN","Desktop","US","561434","sem/GwECAA==k-rbo_g-MTc1NzQ3MDk0Mi4xNzM1NTM5MzQx_t-dd.........Category-pu...........................................................","-100","Not Applicable","Not Applicable","Not Applicable","12/01/2024 00:00:00","Click","1","Active","1","Hotel","False","deeplinks","k-rbo_g-MTc1NzQ3MDk0Mi4xNzM1NTM5MzQx_t-dd","Category-pu","kan_235046_561434",""
"wQV_GPZK_6dySiMKbI$iXA","12/27/2024 00:00:00","12/28/2024 00:00:00","12/29/2024 00:00:00","","","","","0","0","EN","Desktop","US","561434","sem/GwECAA==k-rbo_d-d_u-MTczNTMwMzMwNzU3MDU2MzI0NQ==_g-NDM3MTMSubCategory:VacationRental-pu.........................................","1070619362","United States","Eastham","️ The Sandbar Beach Cottage","12/01/2024 00:00:00","Click","1","Active","1","Hotel","False","deeplinks","k-rbo_d-d_u-MTczNTMwMzMwNzU3MDU2MzI0NQ==_g-NDM3MTM","SubCategory:VacationRental-pu","kan_235046_561434",""
"WtOlPzzGH4XyQoEKEd19LA","01/02/2025 00:00:00","01/03/2025 00:00:00","01/04/2025 00:00:00","","","","","1.8","1.26","EN","Desktop","CA","561434","sem/GwECAA==k-csi_g-MTM5OTgxMTk0Ny4xNzM1ODY3MTA3_t-go.........Category-pu...........................................................","76941","Fiji","Taveuni Island","Garden Island Resort","01/01/2025 00:00:00","Click","1","Active","1","Hotel","False","deeplinks","k-csi_g-MTM5OTgxMTk0Ny4xNzM1ODY3MTA3_t-go","Category-pu","kan_235046_561434",""
"WV5wo1dEYYMJTCVC$KqTcw","12/29/2024 00:00:00","02/10/2025 00:00:00","02/15/2025 00:00:00","","","","","2.876679","2.013675","EN","Desktop","US","561434","sem/GwECAA==k-rbo_d-d_u-MTczNTUyOTU2MjYxOTc1MTIyOA==_g-NDAxNzUHybrid-pu.............................................................","5047951","United States","Indian Rocks Beach","Indian Rocks Beach Condo - 400 Steps To Gulf!","12/01/2024 00:00:00","Click","1","Active","1","Hotel","False","deeplinks","k-rbo_d-d_u-MTczNTUyOTU2MjYxOTc1MTIyOA==_g-NDAxNzU","Hybrid-pu","kan_235046_561434",""
"WWD0ZemOTYtFQjEc9C2M6g","01/05/2025 00:00:00","01/06/2025 00:00:00","01/07/2025 00:00:00","","","","","0.824658","0.577261","EN","Desktop","US","561434","sem/GwECAA==k-rbo_g-MTQ0MzEzNzQ3LjE3MzYxMzU0ODU=_t-bo.........SubCategory:MonthlyStay-pu............................................","-100","Not Applicable","Not Applicable","Not Applicable","01/01/2025 00:00:00","Click","1","Active","1","Hotel","False","deeplinks","k-rbo_g-MTQ0MzEzNzQ3LjE3MzYxMzU0ODU=_t-bo","SubCategory:MonthlyStay-pu","kan_235046_561434",""
"WY78si4zx50qQJ3ZaOlzRA","12/27/2024 00:00:00","12/28/2024 00:00:00","12/29/2024 00:00:00","","","","","3.28","2.296","EN","Desktop","US","561434","sem/GwECAA==k-rbo_d-d_u-MTczNTMzNzA1NjM5NzYxODEyMw==_g-MTc3OTUHybrid-pu.............................................................","1070300850","France","Cagnes-sur-Mer","Hotel Indigo Cagnes-Sur-Mer","12/01/2024 00:00:00","Click","1","Active","1","Hotel","False","deeplinks","k-rbo_d-d_u-MTczNTMzNzA1NjM5NzYxODEyMw==_g-MTc3OTU","Hybrid-pu","kan_235046_561434",""
"x2eX17r$Lo48TEFceBZ2Hw","12/31/2024 00:00:00","02/08/2025 00:00:00","02/10/2025 00:00:00","","","","","1.27","0.889","EN","Desktop","US","561434","sem/GwECAA==k-cbn_g-ODk4NTQ0NDI4LjE3MzU3MDE3ODk=_t-gp.........Hybrid-pu.............................................................","30615","United States","Key West","Santa Maria Suites Resort","12/01/2024 00:00:00","Click","1","Active","1","Hotel","False","deeplinks","k-cbn_g-ODk4NTQ0NDI4LjE3MzU3MDE3ODk=_t-gp","Hybrid-pu","kan_235046_561434",""
"X9m2NbP3GLcyQvCMFOCW7w","01/01/2025 00:00:00","04/02/2025 00:00:00","04/06/2025 00:00:00","","","","","4.79","3.353","EN","Desktop","US","561434","sem/GwECAA==k-rbo_g-MzgwNzkzNzQzLjE3MzU2MDgxODg=_t-oo.........Category-pu...........................................................","35735","United States","Longboat Key","Zota Beach Resort","01/01/2025 00:00:00","Click","1","Active","1","Hotel","False","deeplinks","k-rbo_g-MzgwNzkzNzQzLjE3MzU2MDgxODg=_t-oo","Category-pu","kan_235046_561434",""
"XjM0sNK7ZqB7SMGFh1HaLw","12/30/2024 00:00:00","12/31/2024 00:00:00","01/05/2025 00:00:00","","","","","0.01","0.007","EN","Desktop","US","561434","sem/GwECAA==k-cbn_d-d_u-MTczNTU3MDExODI4MzMwMTA2OA==_g-MTE1MzIHybrid-pu.............................................................","514454","United Kingdom","Preston","Royal Oak Hotel, Garstang","12/01/2024 00:00:00","Click","1","Active","1","Hotel","False","deeplinks","k-cbn_d-d_u-MTczNTU3MDExODI4MzMwMTA2OA==_g-MTE1MzI","Hybrid-pu","kan_235046_561434",""
"XlOVJ3cQiKFcQNXRNVhDbQ","12/31/2024 00:00:00","01/01/2025 00:00:00","01/02/2025 00:00:00","","","","","5.93","4.151","EN","Desktop","US","561434","sem/GwECAA==k-rbo_g-MTkwMDQ2NTMxLjE3MzU2ODA3Mjg=_t-oo.........Category-pu...........................................................","5301301","United States","Kapolei","Residence Inn by Marriott Oahu Kapolei","12/01/2024 00:00:00","Click","1","Active","1","Hotel","False","deeplinks","k-rbo_g-MTkwMDQ2NTMxLjE3MzU2ODA3Mjg=_t-oo","Category-pu","kan_235046_561434",""
"Xnu157$JnqE1TUbGY5Lv6Q","01/02/2025 00:00:00","02/19/2025 00:00:00","02/22/2025 00:00:00","","","","","6.01","4.207","EN","Desktop","US","561434","sem/GwECAA==k-bv_g-MTI0MDQyNDU1OS4xNzM1ODUwNzc1_t-gp..........Hybrid-pu.............................................................","2011232","Aruba","Noord","The Ritz-Carlton Aruba","01/01/2025 00:00:00","Click","1","Active","1","Hotel","False","deeplinks","k-bv_g-MTI0MDQyNDU1OS4xNzM1ODUwNzc1_t-gp","Hybrid-pu","kan_235046_561434",""
"xoE2H3lR_q$KSJmSR1Zf4A","12/28/2024 00:00:00","12/29/2024 00:00:00","12/30/2024 00:00:00","","","","","1.2","0.84","EN","Desktop","US","561434","sem/GwECAA==k-rbo_d-d_u-MTczNTQwMDQxNjgxNzg3NjU5Nw==_g-NjQ5MDkHybrid-pu.............................................................","270624","United States","Port St. Lucie","Holiday Inn Express & Suites Port St. Lucie West","12/01/2024 00:00:00","Click","1","Active","1","Hotel","False","deeplinks","k-rbo_d-d_u-MTczNTQwMDQxNjgxNzg3NjU5Nw==_g-NjQ5MDk","Hybrid-pu","kan_235046_561434",""
"XQEhJmL95IiYSwE4As6hGg","12/29/2024 00:00:00","12/30/2024 00:00:00","12/31/2024 00:00:00","","","","","6.01","4.207","EN","Desktop","US","561434","sem/GwECAA==k-vct_d-d_u-MTczNTUxNTg5NTM0ODEwMzA5NA==_g-MTM4ODQHybrid-pu.............................................................","111917","United States","Newport","Beech Tree Inn & Cottage","12/01/2024 00:00:00","Click","1","Active","1","Hotel","False","deeplinks","k-vct_d-d_u-MTczNTUxNTg5NTM0ODEwMzA5NA==_g-MTM4ODQ","Hybrid-pu","kan_235046_561434",""
"xRfj_rzZN4keQuHONsMM_w","01/01/2025 00:00:00","02/13/2025 00:00:00","02/18/2025 00:00:00","","","","","0.83091","0.581637","EN","Desktop","US","561434","sem/GwECAA==k-rbo_g-OTUzMDQ4MzA3LjE3MzU3NzE3NDA=_t-gp.........Hybrid-pu.............................................................","-100","Not Applicable","Not Applicable","Not Applicable","01/01/2025 00:00:00","Click","1","Active","1","Hotel","False","deeplinks","k-rbo_g-OTUzMDQ4MzA3LjE3MzU3NzE3NDA=_t-gp","Hybrid-pu","kan_235046_561434",""
"XTc5ghnyDal3Ts7BgHQlNg","12/26/2024 00:00:00","01/17/2025 00:00:00","01/19/2025 00:00:00","","","","","0.259811","0.181868","EN","Desktop","US","561434","sem/GwECAA==k-rbo_d-d_u-MTczNTI3MDI5MDYwMjM3NDgyMw==_g-Yy03MC4Category-pu...........................................................","-100","Not Applicable","Not Applicable","Not Applicable","12/01/2024 00:00:00","Click","1","Active","1","Hotel","False","deeplinks","k-rbo_d-d_u-MTczNTI3MDI5MDYwMjM3NDgyMw==_g-Yy03MC4","Category-pu","kan_235046_561434",""
"Y0N9vReZn7FdTJIncj$anQ","01/05/2025 00:00:00","02/27/2025 00:00:00","03/02/2025 00:00:00","","","","","3.618185","2.532729","EN","Desktop","US","561434","sem/GwECAA==k-rbo_g-MTMzNjI3NDg4Ni4xNzM2MTI4ODU1_t-gp.........Hybrid-pu.............................................................","8785966","United States","Miami","Stylish and Modern Apartments in the heart of Dadeland","01/01/2025 00:00:00","Click","1","Active","1","Hotel","False","deeplinks","k-rbo_g-MTMzNjI3NDg4Ni4xNzM2MTI4ODU1_t-gp","Hybrid-pu","kan_235046_561434",""
"y1kZMhVnK4FHTPuxnnDWzA","12/28/2024 00:00:00","02/21/2025 00:00:00","02/23/2025 00:00:00","","","","","3.657354","2.560148","EN","Desktop","US","561434","sem/GwECAA==k-rbo_d-d_u-MTczNTQ0MTcxNDAwNTY0MDI3OA==_g-MjA0MjEHybrid-pu.............................................................","1070455326","United States","Snowshoe","Silver Creek Lodge","12/01/2024 00:00:00","Click","1","Active","1","Hotel","False","deeplinks","k-rbo_d-d_u-MTczNTQ0MTcxNDAwNTY0MDI3OA==_g-MjA0MjE","Hybrid-pu","kan_235046_561434",""
"YaEys01$BrxORo5IFf8Vnw","12/30/2024 00:00:00","12/31/2024 00:00:00","01/01/2025 00:00:00","","","","","6.01","4.207","EN","Desktop","US","561434","sem/GwECAA==k-rbo_d-d_u-MTczNTU5ODk0NDkzODI5OTAxMw==_g-MTM2MTQHybrid-pu.............................................................","39068","United States","Black River Falls","Days Inn by Wyndham Black River Falls I-94 on ATV Trail","12/01/2024 00:00:00","Click","1","Active","1","Hotel","False","deeplinks","k-rbo_d-d_u-MTczNTU5ODk0NDkzODI5OTAxMw==_g-MTM2MTQ","Hybrid-pu","kan_235046_561434",""
"Yflo$ZhGCZS8QMHozLvUEg","01/02/2025 00:00:00","02/15/2025 00:00:00","02/22/2025 00:00:00","","","","","6.01","4.207","EN","Desktop","US","561434","sem/GwECAA==k-rbo_g-MTkyNDgyNzQ2NC4xNzM1ODI2Mzkz_t-gp.........Hybrid-pu.............................................................","3037977","Saint Barthélemy","Gustavia","Hotel Villa Marie Saint Barth, Maisons et Hotels Sibuet","01/01/2025 00:00:00","Click","1","Active","1","Hotel","False","deeplinks","k-rbo_g-MTkyNDgyNzQ2NC4xNzM1ODI2Mzkz_t-gp","Hybrid-pu","kan_235046_561434",""
"yGTWoOqhXZLuQ5CvV4m$Kw","01/01/2025 00:00:00","02/14/2025 00:00:00","02/15/2025 00:00:00","","","","","2.253842","1.577689","EN","Desktop","US","561434","sem/GwECAA==k-bv_g-NTczNzA0ODYyLjE3MzU3NDcwNjA=_t-gp..........Hybrid-pu.............................................................","0","","","","01/01/2025 00:00:00","Click","1","Active","1","Hotel","False","deeplinks","k-bv_g-NTczNzA0ODYyLjE3MzU3NDcwNjA=_t-gp","Hybrid-pu","kan_235046_561434",""
"Yhz5CVhuDp$XSDeNXAbJ5w","12/28/2024 00:00:00","02/14/2025 00:00:00","02/17/2025 00:00:00","","","","","0.833585","0.58351","EN","Desktop","US","561434","sem/GwECAA==k-rbo_d-d_u-MTczNTQyMzMzODgyODk5MDg1Nw==_g-MTY3MTYHybrid-pu.............................................................","-100","Not Applicable","Not Applicable","Not Applicable","12/01/2024 00:00:00","Click","1","Active","1","Hotel","False","deeplinks","k-rbo_d-d_u-MTczNTQyMzMzODgyODk5MDg1Nw==_g-MTY3MTY","Hybrid-pu","kan_235046_561434",""
"YKso1cLTSYS9TngNoRquFg","01/03/2025 00:00:00","01/10/2025 00:00:00","01/11/2025 00:00:00","","","","","2.36","1.652","EN","Desktop","US","561434","sem/GwECAA==k-rbo_g-MjExNjk2OTE5Ny4xNzM1OTU4NzEx_t-gp.........Hybrid-pu.............................................................","281036","United States","Kaanapali","Honua Kai Resort & Spa","01/01/2025 00:00:00","Click","1","Active","1","Hotel","False","deeplinks","k-rbo_g-MjExNjk2OTE5Ny4xNzM1OTU4NzEx_t-gp","Hybrid-pu","kan_235046_561434",""
"YNh$5jug6ZRXSqbsbcADfA","01/05/2025 00:00:00","01/06/2025 00:00:00","01/07/2025 00:00:00","","","","","1.8","1.26","EN","Desktop","CA","561434","sem/GwECAA==k-rbo_g-MjcxMzY0OTM5LjE3MzYxMDM4Mzg=_t-bo.........Hybrid-pu.............................................................","2268445","Dominican Republic","Sosúa","E&J Boutique Residences","01/01/2025 00:00:00","Click","1","Active","1","Hotel","False","deeplinks","k-rbo_g-MjcxMzY0OTM5LjE3MzYxMDM4Mzg=_t-bo","Hybrid-pu","kan_235046_561434",""
"YOQlBQiI3ZwPT$wqwqS5lw","01/01/2025 00:00:00","03/19/2025 00:00:00","03/21/2025 00:00:00","","","","","0.259659","0.181761","EN","Desktop","US","561434","sem/GwECAA==k-rbo_g-MjA2MjE0NjEwNS4xNzM1NzY5MjU4_t-bo.........SubCategory:Oceanfront-pu.............................................","-100","Not Applicable","Not Applicable","Not Applicable","01/01/2025 00:00:00","Click","1","Active","1","Hotel","False","deeplinks","k-rbo_g-MjA2MjE0NjEwNS4xNzM1NzY5MjU4_t-bo","SubCategory:Oceanfront-pu","kan_235046_561434",""
"yWpOMaHzWLnDQdZayjKDZw","12/31/2024 00:00:00","01/10/2025 00:00:00","01/24/2025 00:00:00","","","","","0","0","EN","Desktop","US","561434","sem/GwECAA==k-rbo_g-ODMyMzQ4ODAxLjE3MzU2NzI2MTA=_t-gp.........Hybrid-pu.............................................................","6514302","United States","Sheboygan","The River Bed - Condo sleeps 4 on west side","01/01/2025 00:00:00","Click","1","Active","1","Hotel","False","deeplinks","k-rbo_g-ODMyMzQ4ODAxLjE3MzU2NzI2MTA=_t-gp","Hybrid-pu","kan_235046_561434",""
"z5BJBFe3MonJRaXEA2hD3A","12/28/2024 00:00:00","01/02/2025 00:00:00","01/05/2025 00:00:00","","","","","6.01","4.207","EN","Desktop","US","561434","sem/GwECAA==k-bv_d-d_u-MTczNTQxOTAxODM2MzIyNDM3NA==_g-MTMyMzkwHybrid-pu.............................................................","224471","United States","Mammoth Lakes","Convict Lake Resort","12/01/2024 00:00:00","Click","1","Active","1","Hotel","False","deeplinks","k-bv_d-d_u-MTczNTQxOTAxODM2MzIyNDM3NA==_g-MTMyMzkw","Hybrid-pu","kan_235046_561434",""
"ZdAikZeNRIZ_Qs133G5hFQ","12/30/2024 00:00:00","12/31/2024 00:00:00","01/01/2025 00:00:00","","","","","2.5","1.75","EN","Desktop","US","561434","sem/GwECAA==k-rbo_g-MTc1NzQ3MDk0Mi4xNzM1NTM5MzQx_t-dd.........Hybrid-pu.............................................................","-100","Not Applicable","Not Applicable","Not Applicable","12/01/2024 00:00:00","Click","1","Active","1","Hotel","False","deeplinks","k-rbo_g-MTc1NzQ3MDk0Mi4xNzM1NTM5MzQx_t-dd","Hybrid-pu","kan_235046_561434",""
"ZgoBG4h5H595TXxYXWPMRg","12/31/2024 00:00:00","01/01/2025 00:00:00","01/02/2025 00:00:00","","","","","3.614207","2.529945","EN","Desktop","US","561434","sem/GwECAA==k-rbo_d-d_u-MTczNTYzNTk2MDUwOTQ5MjY2MQ==_g-NjQ2NTESubCategory:ShortTermStay-pu..........................................","8770","Israel","Jerusalem","Dan Panorama Jerusalem","12/01/2024 00:00:00","Click","1","Active","1","Hotel","False","deeplinks","k-rbo_d-d_u-MTczNTYzNTk2MDUwOTQ5MjY2MQ==_g-NjQ2NTE","SubCategory:ShortTermStay-pu","kan_235046_561434",""
"zjOlTIftOYf2TMcpYqb0tw","12/29/2024 00:00:00","12/30/2024 00:00:00","12/31/2024 00:00:00","","","","","6.01","4.207","EN","Desktop","US","561434","sem/GwECAA==k-fvr_d-d_u-MTczNTQ4Njk5NzMwMTM0MDUyOA==_g-NTU2NTkHybrid-pu.............................................................","67084","British Virgin Islands","West End","Sebastian's on the Beach","12/01/2024 00:00:00","Click","1","Active","1","Hotel","False","deeplinks","k-fvr_d-d_u-MTczNTQ4Njk5NzMwMTM0MDUyOA==_g-NTU2NTk","Hybrid-pu","kan_235046_561434",""
"znzWiAUHco5ISoPKUp67Gw","12/26/2024 00:00:00","12/27/2024 00:00:00","12/28/2024 00:00:00","","","","","0.54","0.378","EN","Desktop","US","561434","sem/GwECAA==k-rbo_d-d_u-MTczNTI0MTM4Njc2ODEyNDQyNg==_g-MjEzMTQHybrid-pu.............................................................","86278","Caribbean Netherlands","Kralendijk","Buddy Dive Resort","12/01/2024 00:00:00","Click","1","Active","1","Hotel","False","deeplinks","k-rbo_d-d_u-MTczNTI0MTM4Njc2ODEyNDQyNg==_g-MjEzMTQ","Hybrid-pu","kan_235046_561434",""
"zOx9eOSNtqhrS7VII$deiw","12/30/2024 00:00:00","01/01/2025 00:00:00","01/02/2025 00:00:00","","","","","6.01","4.207","EN","Desktop","US","561434","sem/GwECAA==k-rbo_d-d_u-MTczNTYxODI0NDkwODM0MzQ2Ng==_g-MzE3NzIHybrid-pu.............................................................","24461","United States","Keystone","3 Peaks Lodge","12/01/2024 00:00:00","Click","1","Active","1","Hotel","False","deeplinks","k-rbo_d-d_u-MTczNTYxODI0NDkwODM0MzQ2Ng==_g-MzE3NzI","Hybrid-pu","kan_235046_561434",""
"zslitjNqgZArRF3b1VGqBg","01/05/2025 00:00:00","08/09/2025 00:00:00","08/16/2025 00:00:00","","","","","0.25","0.175","EN","Desktop","US","561434","sem/GwECAA==k-bv_g-MTk3MDAzMDk5My4xNzM2MDk2NDA3_t-gp..........Hybrid-pu.............................................................","-100","Not Applicable","Not Applicable","Not Applicable","01/01/2025 00:00:00","Click","1","Active","1","Package","False","deeplinks","k-bv_g-MTk3MDAzMDk5My4xNzM2MDk2NDA3_t-gp","Hybrid-pu","kan_235046_561434",""
"zsv4Or2aCYCVRN8ciFV21g","01/01/2025 00:00:00","01/02/2025 00:00:00","01/03/2025 00:00:00","","","","","2.67","1.869","EN","Desktop","US","561434","sem/GwECAA==k-rbo_g-MTM0ODU2NTIwMy4xNzM1NzYwMTU3_t-oo.........SubCategory:VacationRental-pu.........................................","34439","United States","New Orleans","Hotel St. Pierre, a French Quarter Inns Hotel","01/01/2025 00:00:00","Click","1","Active","1","Hotel","False","deeplinks","k-rbo_g-MTM0ODU2NTIwMy4xNzM1NzYwMTU3_t-oo","SubCategory:VacationRental-pu","kan_235046_561434",""
